PassengerId,Survived,Pclass,Name,Sex,Age,SibSp,Parch,Ticket,Fare,Cabin,Embarked,Title,Deck,Fare_Original
1,0,3,"Braund, Mr. Owen Harris",Male,22.0,1,0,A/5 21171,7.25,Unknown,S,Mr,Unknown,7.25
2,1,1,"Cumings, Mrs. John Bradley (Florence Briggs Thayer)",Female,38.0,1,0,PC 17599,71.28,C85,C,Mrs,C,71.2833
3,1,3,"Heikkinen, Miss. Laina",Female,26.0,0,0,STON/O2. 3101282,7.92,Unknown,S,Miss,Unknown,7.925
4,1,1,"Futrelle, Mrs. Jacques Heath (Lily May Peel)",Female,35.0,1,0,113803,53.1,C123,S,Mrs,C,53.1
5,0,3,"Allen, Mr. William Henry",Male,35.0,0,0,373450,8.05,Unknown,S,Mr,Unknown,8.05
6,0,3,"Moran, Mr. James",Male,30.0,0,0,330877,8.46,Unknown,Q,Mr,Unknown,8.4583
7,0,1,"McCarthy, Mr. Timothy J",Male,54.0,0,0,17463,51.86,E46,S,Mr,E,51.8625
8,0,3,"Palsson, Master. Gosta Leonard",Male,2.0,3,1,349909,21.08,Unknown,S,Master,Unknown,21.075
9,1,3,"Johnson, Mrs. Oscar W (Elisabeth Vilhelmina Berg)",Female,27.0,0,2,347742,11.13,Unknown,S,Mrs,Unknown,11.1333
10,1,2,"Nasser, Mrs. Nicholas (Adele Achem)",Female,14.0,1,0,237736,30.07,Unknown,C,Mrs,Unknown,30.0708
11,1,3,"Sandstrom, Miss. Marguerite Rut",Female,4.0,1,1,PP 9549,16.7,G6,S,Miss,G,16.7
12,1,1,"Bonnell, Miss. Elizabeth",Female,58.0,0,0,113783,26.55,C103,S,Miss,C,26.55
13,0,3,"Saundercock, Mr. William Henry",Male,20.0,0,0,A/5. 2151,8.05,Unknown,S,Mr,Unknown,8.05
14,0,3,"Andersson, Mr. Anders Johan",Male,39.0,1,5,347082,31.28,Unknown,S,Mr,Unknown,31.275
15,0,3,"Vestrom, Miss. Hulda Amanda Adolfina",Female,14.0,0,0,350406,7.85,Unknown,S,Miss,Unknown,7.8542
16,1,2,"Hewlett, Mrs. (Mary D Kingcome)",Female,55.0,0,0,248706,16.0,Unknown,S,Mrs,Unknown,16.0
17,0,3,"Rice, Master. Eugene",Male,2.0,4,1,382652,29.12,Unknown,Q,Master,Unknown,29.125
18,1,2,"Williams, Mr. Charles Eugene",Male,30.0,0,0,244373,13.0,Unknown,S,Mr,Unknown,13.0
19,0,3,"Vander Planke, Mrs. Julius (Emelia Maria Vandemoortele)",Female,31.0,1,0,345763,18.0,Unknown,S,Mrs,Unknown,18.0
20,1,3,"Masselmani, Mrs. Fatima",Female,35.0,0,0,2649,7.22,Unknown,C,Mrs,Unknown,7.225
21,0,2,"Fynney, Mr. Joseph J",Male,35.0,0,0,239865,26.0,Unknown,S,Mr,Unknown,26.0
22,1,2,"Beesley, Mr. Lawrence",Male,34.0,0,0,248698,13.0,D56,S,Mr,D,13.0
23,1,3,"McGowan, Miss. Anna ""Annie""",Female,15.0,0,0,330923,8.03,Unknown,Q,Miss,Unknown,8.0292
24,1,1,"Sloper, Mr. William Thompson",Male,28.0,0,0,113788,35.5,A6,S,Mr,A,35.5
25,0,3,"Palsson, Miss. Torborg Danira",Female,8.0,3,1,349909,21.08,Unknown,S,Miss,Unknown,21.075
26,1,3,"Asplund, Mrs. Carl Oscar (Selma Augusta Emilia Johansson)",Female,38.0,1,5,347077,31.39,Unknown,S,Mrs,Unknown,31.3875
27,0,3,"Emir, Mr. Farred Chehab",Male,30.0,0,0,2631,7.22,Unknown,C,Mr,Unknown,7.225
28,0,1,"Fortune, Mr. Charles Alexander",Male,19.0,3,2,19950,249.01,C23 C25 C27,S,Mr,C,263.0
29,1,3,"O'Dwyer, Miss. Ellen ""Nellie""",Female,21.0,0,0,330959,7.88,Unknown,Q,Miss,Unknown,7.8792
30,0,3,"Todoroff, Mr. Lalio",Male,30.0,0,0,349216,7.9,Unknown,S,Mr,Unknown,7.8958
31,0,1,"Uruchurtu, Don. Manuel E",Male,40.0,0,0,PC 17601,27.72,Unknown,C,Royalty,Unknown,27.7208
32,1,1,"Spencer, Mrs. William Augustus (Marie Eugenie)",Female,35.0,1,0,PC 17569,146.52,B78,C,Mrs,B,146.5208
33,1,3,"Glynn, Miss. Mary Agatha",Female,21.0,0,0,335677,7.75,Unknown,Q,Miss,Unknown,7.75
34,0,2,"Wheadon, Mr. Edward H",Male,66.0,0,0,C.A. 24579,10.5,Unknown,S,Mr,Unknown,10.5
35,0,1,"Meyer, Mr. Edgar Joseph",Male,28.0,1,0,PC 17604,82.17,Unknown,C,Mr,Unknown,82.1708
36,0,1,"Holverson, Mr. Alexander Oskar",Male,42.0,1,0,113789,52.0,Unknown,S,Mr,Unknown,52.0
37,1,3,"Mamee, Mr. Hanna",Male,30.0,0,0,2677,7.23,Unknown,C,Mr,Unknown,7.2292
38,0,3,"Cann, Mr. Ernest Charles",Male,21.0,0,0,A./5. 2152,8.05,Unknown,S,Mr,Unknown,8.05
39,0,3,"Vander Planke, Miss. Augusta Maria",Female,18.0,2,0,345764,18.0,Unknown,S,Miss,Unknown,18.0
40,1,3,"Nicola-Yarred, Miss. Jamila",Female,14.0,1,0,2651,11.24,Unknown,C,Miss,Unknown,11.2417
41,0,3,"Ahlin, Mrs. Johan (Johanna Persdotter Larsson)",Female,40.0,1,0,7546,9.48,Unknown,S,Mrs,Unknown,9.475
42,0,2,"Turpin, Mrs. William John Robert (Dorothy Ann Wonnacott)",Female,27.0,1,0,11668,21.0,Unknown,S,Mrs,Unknown,21.0
43,0,3,"Kraeff, Mr. Theodor",Male,30.0,0,0,349253,7.9,Unknown,C,Mr,Unknown,7.8958
44,1,2,"Laroche, Miss. Simonne Marie Anne Andree",Female,3.0,1,2,SC/Paris 2123,41.58,Unknown,C,Miss,Unknown,41.5792
45,1,3,"Devaney, Miss. Margaret Delia",Female,19.0,0,0,330958,7.88,Unknown,Q,Miss,Unknown,7.8792
46,0,3,"Rogers, Mr. William John",Male,30.0,0,0,S.C./A.4. 23567,8.05,Unknown,S,Mr,Unknown,8.05
47,0,3,"Lennon, Mr. Denis",Male,30.0,1,0,370371,15.5,Unknown,Q,Mr,Unknown,15.5
48,1,3,"O'Driscoll, Miss. Bridget",Female,21.0,0,0,14311,7.75,Unknown,Q,Miss,Unknown,7.75
49,0,3,"Samaan, Mr. Youssef",Male,30.0,2,0,2662,21.68,Unknown,C,Mr,Unknown,21.6792
50,0,3,"Arnold-Franchi, Mrs. Josef (Josefine Franchi)",Female,18.0,1,0,349237,17.8,Unknown,S,Mrs,Unknown,17.8
51,0,3,"Panula, Master. Juha Niilo",Male,7.0,4,1,3101295,39.69,Unknown,S,Master,Unknown,39.6875
52,0,3,"Nosworthy, Mr. Richard Cater",Male,21.0,0,0,A/4. 39886,7.8,Unknown,S,Mr,Unknown,7.8
53,1,1,"Harper, Mrs. Henry Sleeper (Myna Haxtun)",Female,49.0,1,0,PC 17572,76.73,D33,C,Mrs,D,76.7292
54,1,2,"Faunthorpe, Mrs. Lizzie (Elizabeth Anne Wilkinson)",Female,29.0,1,0,2926,26.0,Unknown,S,Mrs,Unknown,26.0
55,0,1,"Ostby, Mr. Engelhart Cornelius",Male,65.0,0,1,113509,61.98,B30,C,Mr,B,61.9792
56,1,1,"Woolner, Mr. Hugh",Male,30.0,0,0,19947,35.5,C52,S,Mr,C,35.5
57,1,2,"Rugg, Miss. Emily",Female,21.0,0,0,C.A. 31026,10.5,Unknown,S,Miss,Unknown,10.5
58,0,3,"Novel, Mr. Mansouer",Male,28.5,0,0,2697,7.23,Unknown,C,Mr,Unknown,7.2292
59,1,2,"West, Miss. Constance Mirium",Female,5.0,1,2,C.A. 34651,27.75,Unknown,S,Miss,Unknown,27.75
60,0,3,"Goodwin, Master. William Frederick",Male,11.0,5,2,CA 2144,46.9,Unknown,S,Master,Unknown,46.9
61,0,3,"Sirayanian, Mr. Orsen",Male,22.0,0,0,2669,7.23,Unknown,C,Mr,Unknown,7.2292
62,1,1,"Icard, Miss. Amelie",Female,38.0,0,0,113572,80.0,B28,S,Miss,B,80.0
63,0,1,"Harris, Mr. Henry Birkhardt",Male,45.0,1,0,36973,83.48,C83,S,Mr,C,83.475
64,0,3,"Skoog, Master. Harald",Male,4.0,3,2,347088,27.9,Unknown,S,Master,Unknown,27.9
65,0,1,"Stewart, Mr. Albert A",Male,30.0,0,0,PC 17605,27.72,Unknown,C,Mr,Unknown,27.7208
66,1,3,"Moubarek, Master. Gerios",Male,3.5,1,1,2661,15.25,Unknown,C,Master,Unknown,15.2458
67,1,2,"Nye, Mrs. (Elizabeth Ramell)",Female,29.0,0,0,C.A. 29395,10.5,F33,S,Mrs,F,10.5
68,0,3,"Crease, Mr. Ernest James",Male,19.0,0,0,S.P. 3464,8.16,Unknown,S,Mr,Unknown,8.1583
69,1,3,"Andersson, Miss. Erna Alexandra",Female,17.0,4,2,3101281,7.92,Unknown,S,Miss,Unknown,7.925
70,0,3,"Kink, Mr. Vincenz",Male,26.0,2,0,315151,8.66,Unknown,S,Mr,Unknown,8.6625
71,0,2,"Jenkin, Mr. Stephen Curnow",Male,32.0,0,0,C.A. 33111,10.5,Unknown,S,Mr,Unknown,10.5
72,0,3,"Goodwin, Miss. Lillian Amy",Female,16.0,5,2,CA 2144,46.9,Unknown,S,Miss,Unknown,46.9
73,0,2,"Hood, Mr. Ambrose Jr",Male,21.0,0,0,S.O.C. 14879,73.5,Unknown,S,Mr,Unknown,73.5
74,0,3,"Chronopoulos, Mr. Apostolos",Male,26.0,1,0,2680,14.45,Unknown,C,Mr,Unknown,14.4542
75,1,3,"Bing, Mr. Lee",Male,32.0,0,0,1601,56.5,Unknown,S,Mr,Unknown,56.4958
76,0,3,"Moen, Mr. Sigurd Hansen",Male,25.0,0,0,348123,7.65,F G73,S,Mr,F,7.65
77,0,3,"Staneff, Mr. Ivan",Male,30.0,0,0,349208,7.9,Unknown,S,Mr,Unknown,7.8958
78,0,3,"Moutal, Mr. Rahamin Haim",Male,30.0,0,0,374746,8.05,Unknown,S,Mr,Unknown,8.05
79,1,2,"Caldwell, Master. Alden Gates",Male,0.8,0,2,248738,29.0,Unknown,S,Master,Unknown,29.0
80,1,3,"Dowdell, Miss. Elizabeth",Female,30.0,0,0,364516,12.48,Unknown,S,Miss,Unknown,12.475
81,0,3,"Waelens, Mr. Achille",Male,22.0,0,0,345767,9.0,Unknown,S,Mr,Unknown,9.0
82,1,3,"Sheerlinck, Mr. Jan Baptist",Male,29.0,0,0,345779,9.5,Unknown,S,Mr,Unknown,9.5
83,1,3,"McDermott, Miss. Brigdet Delia",Female,21.0,0,0,330932,7.79,Unknown,Q,Miss,Unknown,7.7875
84,0,1,"Carrau, Mr. Francisco M",Male,28.0,0,0,113059,47.1,Unknown,S,Mr,Unknown,47.1
85,1,2,"Ilett, Miss. Bertha",Female,17.0,0,0,SO/C 14885,10.5,Unknown,S,Miss,Unknown,10.5
86,1,3,"Backstrom, Mrs. Karl Alfred (Maria Mathilda Gustafsson)",Female,33.0,3,0,3101278,15.85,Unknown,S,Mrs,Unknown,15.85
87,0,3,"Ford, Mr. William Neal",Male,16.0,1,3,W./C. 6608,34.38,Unknown,S,Mr,Unknown,34.375
88,0,3,"Slocovski, Mr. Selman Francis",Male,30.0,0,0,SOTON/OQ 392086,8.05,Unknown,S,Mr,Unknown,8.05
89,1,1,"Fortune, Miss. Mabel Helen",Female,23.0,3,2,19950,249.01,C23 C25 C27,S,Miss,C,263.0
90,0,3,"Celotti, Mr. Francesco",Male,24.0,0,0,343275,8.05,Unknown,S,Mr,Unknown,8.05
91,0,3,"Christmann, Mr. Emil",Male,29.0,0,0,343276,8.05,Unknown,S,Mr,Unknown,8.05
92,0,3,"Andreasson, Mr. Paul Edvin",Male,20.0,0,0,347466,7.85,Unknown,S,Mr,Unknown,7.8542
93,0,1,"Chaffee, Mr. Herbert Fuller",Male,46.0,1,0,W.E.P. 5734,61.18,E31,S,Mr,E,61.175
94,0,3,"Dean, Mr. Bertram Frank",Male,26.0,1,2,C.A. 2315,20.58,Unknown,S,Mr,Unknown,20.575
95,0,3,"Coxon, Mr. Daniel",Male,59.0,0,0,364500,7.25,Unknown,S,Mr,Unknown,7.25
96,0,3,"Shorney, Mr. Charles Joseph",Male,30.0,0,0,374910,8.05,Unknown,S,Mr,Unknown,8.05
97,0,1,"Goldschmidt, Mr. George B",Male,71.0,0,0,PC 17754,34.65,A5,C,Mr,A,34.6542
98,1,1,"Greenfield, Mr. William Bertram",Male,23.0,0,1,PC 17759,63.36,D10 D12,C,Mr,D,63.3583
99,1,2,"Doling, Mrs. John T (Ada Julia Bone)",Female,34.0,0,1,231919,23.0,Unknown,S,Mrs,Unknown,23.0
100,0,2,"Kantor, Mr. Sinai",Male,34.0,1,0,244367,26.0,Unknown,S,Mr,Unknown,26.0
101,0,3,"Petranec, Miss. Matilda",Female,28.0,0,0,349245,7.9,Unknown,S,Miss,Unknown,7.8958
102,0,3,"Petroff, Mr. Pastcho (""Pentcho"")",Male,30.0,0,0,349215,7.9,Unknown,S,Mr,Unknown,7.8958
103,0,1,"White, Mr. Richard Frasar",Male,21.0,0,1,35281,77.29,D26,S,Mr,D,77.2875
104,0,3,"Johansson, Mr. Gustaf Joel",Male,33.0,0,0,7540,8.65,Unknown,S,Mr,Unknown,8.6542
105,0,3,"Gustafsson, Mr. Anders Vilhelm",Male,37.0,2,0,3101276,7.92,Unknown,S,Mr,Unknown,7.925
106,0,3,"Mionoff, Mr. Stoytcho",Male,28.0,0,0,349207,7.9,Unknown,S,Mr,Unknown,7.8958
107,1,3,"Salkjelsvik, Miss. Anna Kristine",Female,21.0,0,0,343120,7.65,Unknown,S,Miss,Unknown,7.65
108,1,3,"Moss, Mr. Albert Johan",Male,30.0,0,0,312991,7.78,Unknown,S,Mr,Unknown,7.775
109,0,3,"Rekic, Mr. Tido",Male,38.0,0,0,349249,7.9,Unknown,S,Mr,Unknown,7.8958
110,1,3,"Moran, Miss. Bertha",Female,21.0,1,0,371110,24.15,Unknown,Q,Miss,Unknown,24.15
111,0,1,"Porter, Mr. Walter Chamberlain",Male,47.0,0,0,110465,52.0,C110,S,Mr,C,52.0
112,0,3,"Zabour, Miss. Hileni",Female,14.5,1,0,2665,14.45,Unknown,C,Miss,Unknown,14.4542
113,0,3,"Barton, Mr. David John",Male,22.0,0,0,324669,8.05,Unknown,S,Mr,Unknown,8.05
114,0,3,"Jussila, Miss. Katriina",Female,20.0,1,0,4136,9.82,Unknown,S,Miss,Unknown,9.825
115,0,3,"Attalah, Miss. Malake",Female,17.0,0,0,2627,14.46,Unknown,C,Miss,Unknown,14.4583
116,0,3,"Pekoniemi, Mr. Edvard",Male,21.0,0,0,STON/O 2. 3101294,7.92,Unknown,S,Mr,Unknown,7.925
117,0,3,"Connors, Mr. Patrick",Male,70.5,0,0,370369,7.75,Unknown,Q,Mr,Unknown,7.75
118,0,2,"Turpin, Mr. William John Robert",Male,29.0,1,0,11668,21.0,Unknown,S,Mr,Unknown,21.0
119,0,1,"Baxter, Mr. Quigg Edmond",Male,24.0,0,1,PC 17558,247.52,B58 B60,C,Mr,B,247.5208
120,0,3,"Andersson, Miss. Ellis Anna Maria",Female,2.0,4,2,347082,31.28,Unknown,S,Miss,Unknown,31.275
121,0,2,"Hickman, Mr. Stanley George",Male,21.0,2,0,S.O.C. 14879,73.5,Unknown,S,Mr,Unknown,73.5
122,0,3,"Moore, Mr. Leonard Charles",Male,30.0,0,0,A4. 54510,8.05,Unknown,S,Mr,Unknown,8.05
123,0,2,"Nasser, Mr. Nicholas",Male,32.5,1,0,237736,30.07,Unknown,C,Mr,Unknown,30.0708
124,1,2,"Webber, Miss. Susan",Female,32.5,0,0,27267,13.0,E101,S,Miss,E,13.0
125,0,1,"White, Mr. Percival Wayland",Male,54.0,0,1,35281,77.29,D26,S,Mr,D,77.2875
126,1,3,"Nicola-Yarred, Master. Elias",Male,12.0,1,0,2651,11.24,Unknown,C,Master,Unknown,11.2417
127,0,3,"McMahon, Mr. Martin",Male,30.0,0,0,370372,7.75,Unknown,Q,Mr,Unknown,7.75
128,1,3,"Madsen, Mr. Fridtjof Arne",Male,24.0,0,0,C 17369,7.14,Unknown,S,Mr,Unknown,7.1417
129,1,3,"Peter, Miss. Anna",Female,21.0,1,1,2668,22.36,F E69,C,Miss,F,22.3583
130,0,3,"Ekstrom, Mr. Johan",Male,45.0,0,0,347061,6.98,Unknown,S,Mr,Unknown,6.975
131,0,3,"Drazenoic, Mr. Jozef",Male,33.0,0,0,349241,7.9,Unknown,C,Mr,Unknown,7.8958
132,0,3,"Coelho, Mr. Domingos Fernandeo",Male,20.0,0,0,SOTON/O.Q. 3101307,7.05,Unknown,S,Mr,Unknown,7.05
133,0,3,"Robins, Mrs. Alexander A (Grace Charity Laury)",Female,47.0,1,0,A/5. 3337,14.5,Unknown,S,Mrs,Unknown,14.5
134,1,2,"Weisz, Mrs. Leopold (Mathilde Francoise Pede)",Female,29.0,1,0,228414,26.0,Unknown,S,Mrs,Unknown,26.0
135,0,2,"Sobey, Mr. Samuel James Hayden",Male,25.0,0,0,C.A. 29178,13.0,Unknown,S,Mr,Unknown,13.0
136,0,2,"Richard, Mr. Emile",Male,23.0,0,0,SC/PARIS 2133,15.05,Unknown,C,Mr,Unknown,15.0458
137,1,1,"Newsom, Miss. Helen Monypeny",Female,19.0,0,2,11752,26.28,D47,S,Miss,D,26.2833
138,0,1,"Futrelle, Mr. Jacques Heath",Male,37.0,1,0,113803,53.1,C123,S,Mr,C,53.1
139,0,3,"Osen, Mr. Olaf Elon",Male,16.0,0,0,7534,9.22,Unknown,S,Mr,Unknown,9.2167
140,0,1,"Giglio, Mr. Victor",Male,24.0,0,0,PC 17593,79.2,B86,C,Mr,B,79.2
141,0,3,"Boulos, Mrs. Joseph (Sultana)",Female,35.0,0,2,2678,15.25,Unknown,C,Mrs,Unknown,15.2458
142,1,3,"Nysten, Miss. Anna Sofia",Female,22.0,0,0,347081,7.75,Unknown,S,Miss,Unknown,7.75
143,1,3,"Hakkarainen, Mrs. Pekka Pietari (Elin Matilda Dolck)",Female,24.0,1,0,STON/O2. 3101279,15.85,Unknown,S,Mrs,Unknown,15.85
144,0,3,"Burke, Mr. Jeremiah",Male,19.0,0,0,365222,6.75,Unknown,Q,Mr,Unknown,6.75
145,0,2,"Andrew, Mr. Edgardo Samuel",Male,18.0,0,0,231945,11.5,Unknown,S,Mr,Unknown,11.5
146,0,2,"Nicholls, Mr. Joseph Charles",Male,19.0,1,1,C.A. 33112,36.75,Unknown,S,Mr,Unknown,36.75
147,1,3,"Andersson, Mr. August Edvard (""Wennerstrom"")",Male,27.0,0,0,350043,7.8,Unknown,S,Mr,Unknown,7.7958
148,0,3,"Ford, Miss. Robina Maggie ""Ruby""",Female,9.0,2,2,W./C. 6608,34.38,Unknown,S,Miss,Unknown,34.375
149,0,2,"Navratil, Mr. Michel (""Louis M Hoffman"")",Male,36.5,0,2,230080,26.0,F2,S,Mr,F,26.0
150,0,2,"Byles, Rev. Thomas Roussel Davids",Male,42.0,0,0,244310,13.0,Unknown,S,Officer,Unknown,13.0
151,0,2,"Bateman, Rev. Robert James",Male,51.0,0,0,S.O.P. 1166,12.52,Unknown,S,Officer,Unknown,12.525
152,1,1,"Pears, Mrs. Thomas (Edith Wearne)",Female,22.0,1,0,113776,66.6,C2,S,Mrs,C,66.6
153,0,3,"Meo, Mr. Alfonzo",Male,55.5,0,0,A.5. 11206,8.05,Unknown,S,Mr,Unknown,8.05
154,0,3,"van Billiard, Mr. Austin Blyler",Male,40.5,0,2,A/5. 851,14.5,Unknown,S,Mr,Unknown,14.5
155,0,3,"Olsen, Mr. Ole Martin",Male,30.0,0,0,Fa 265302,7.31,Unknown,S,Mr,Unknown,7.3125
156,0,1,"Williams, Mr. Charles Duane",Male,51.0,0,1,PC 17597,61.38,Unknown,C,Mr,Unknown,61.3792
157,1,3,"Gilnagh, Miss. Katherine ""Katie""",Female,16.0,0,0,35851,7.73,Unknown,Q,Miss,Unknown,7.7333
158,0,3,"Corn, Mr. Harry",Male,30.0,0,0,SOTON/OQ 392090,8.05,Unknown,S,Mr,Unknown,8.05
159,0,3,"Smiljanic, Mr. Mile",Male,30.0,0,0,315037,8.66,Unknown,S,Mr,Unknown,8.6625
160,0,3,"Sage, Master. Thomas Henry",Male,3.5,8,2,CA. 2343,69.55,Unknown,S,Master,Unknown,69.55
161,0,3,"Cribb, Mr. John Hatfield",Male,44.0,0,1,371362,16.1,Unknown,S,Mr,Unknown,16.1
162,1,2,"Watt, Mrs. James (Elizabeth ""Bessie"" Inglis Milne)",Female,40.0,0,0,C.A. 33595,15.75,Unknown,S,Mrs,Unknown,15.75
163,0,3,"Bengtsson, Mr. John Viktor",Male,26.0,0,0,347068,7.78,Unknown,S,Mr,Unknown,7.775
164,0,3,"Calic, Mr. Jovo",Male,17.0,0,0,315093,8.66,Unknown,S,Mr,Unknown,8.6625
165,0,3,"Panula, Master. Eino Viljami",Male,1.0,4,1,3101295,39.69,Unknown,S,Master,Unknown,39.6875
166,1,3,"Goldsmith, Master. Frank John William ""Frankie""",Male,9.0,0,2,363291,20.52,Unknown,S,Master,Unknown,20.525
167,1,1,"Chibnall, Mrs. (Edith Martha Bowerman)",Female,35.0,0,1,113505,55.0,E33,S,Mrs,E,55.0
168,0,3,"Skoog, Mrs. William (Anna Bernhardina Karlsson)",Female,45.0,1,4,347088,27.9,Unknown,S,Mrs,Unknown,27.9
169,0,1,"Baumann, Mr. John D",Male,30.0,0,0,PC 17318,25.92,Unknown,S,Mr,Unknown,25.925
170,0,3,"Ling, Mr. Lee",Male,28.0,0,0,1601,56.5,Unknown,S,Mr,Unknown,56.4958
171,0,1,"Van der hoef, Mr. Wyckoff",Male,61.0,0,0,111240,33.5,B19,S,Mr,B,33.5
172,0,3,"Rice, Master. Arthur",Male,4.0,4,1,382652,29.12,Unknown,Q,Master,Unknown,29.125
173,1,3,"Johnson, Miss. Eleanor Ileen",Female,1.0,1,1,347742,11.13,Unknown,S,Miss,Unknown,11.1333
174,0,3,"Sivola, Mr. Antti Wilhelm",Male,21.0,0,0,STON/O 2. 3101280,7.92,Unknown,S,Mr,Unknown,7.925
175,0,1,"Smith, Mr. James Clinch",Male,56.0,0,0,17764,30.7,A7,C,Mr,A,30.6958
176,0,3,"Klasen, Mr. Klas Albin",Male,18.0,1,1,350404,7.85,Unknown,S,Mr,Unknown,7.8542
177,0,3,"Lefebre, Master. Henry Forbes",Male,3.5,3,1,4133,25.47,Unknown,S,Master,Unknown,25.4667
178,0,1,"Isham, Miss. Ann Elizabeth",Female,50.0,0,0,PC 17595,28.71,C49,C,Miss,C,28.7125
179,0,2,"Hale, Mr. Reginald",Male,30.0,0,0,250653,13.0,Unknown,S,Mr,Unknown,13.0
180,0,3,"Leonard, Mr. Lionel",Male,36.0,0,0,LINE,0.0,Unknown,S,Mr,Unknown,0.0
181,0,3,"Sage, Miss. Constance Gladys",Female,21.0,8,2,CA. 2343,69.55,Unknown,S,Miss,Unknown,69.55
182,0,2,"Pernot, Mr. Rene",Male,30.0,0,0,SC/PARIS 2131,15.05,Unknown,C,Mr,Unknown,15.05
183,0,3,"Asplund, Master. Clarence Gustaf Hugo",Male,9.0,4,2,347077,31.39,Unknown,S,Master,Unknown,31.3875
184,1,2,"Becker, Master. Richard F",Male,1.0,2,1,230136,39.0,F4,S,Master,F,39.0
185,1,3,"Kink-Heilmann, Miss. Luise Gretchen",Female,4.0,0,2,315153,22.02,Unknown,S,Miss,Unknown,22.025
186,0,1,"Rood, Mr. Hugh Roscoe",Male,30.0,0,0,113767,50.0,A32,S,Mr,A,50.0
187,1,3,"O'Brien, Mrs. Thomas (Johanna ""Hannah"" Godfrey)",Female,35.0,1,0,370365,15.5,Unknown,Q,Mrs,Unknown,15.5
188,1,1,"Romaine, Mr. Charles Hallace (""Mr C Rolmane"")",Male,45.0,0,0,111428,26.55,Unknown,S,Mr,Unknown,26.55
189,0,3,"Bourke, Mr. John",Male,40.0,1,1,364849,15.5,Unknown,Q,Mr,Unknown,15.5
190,0,3,"Turcin, Mr. Stjepan",Male,36.0,0,0,349247,7.9,Unknown,S,Mr,Unknown,7.8958
191,1,2,"Pinsky, Mrs. (Rosa)",Female,32.0,0,0,234604,13.0,Unknown,S,Mrs,Unknown,13.0
192,0,2,"Carbines, Mr. William",Male,19.0,0,0,28424,13.0,Unknown,S,Mr,Unknown,13.0
193,1,3,"Andersen-Jensen, Miss. Carla Christine Nielsine",Female,19.0,1,0,350046,7.85,Unknown,S,Miss,Unknown,7.8542
194,1,2,"Navratil, Master. Michel M",Male,3.0,1,1,230080,26.0,F2,S,Master,F,26.0
195,1,1,"Brown, Mrs. James Joseph (Margaret Tobin)",Female,44.0,0,0,PC 17610,27.72,B4,C,Mrs,B,27.7208
196,1,1,"Lurette, Miss. Elise",Female,58.0,0,0,PC 17569,146.52,B80,C,Miss,B,146.5208
197,0,3,"Mernagh, Mr. Robert",Male,30.0,0,0,368703,7.75,Unknown,Q,Mr,Unknown,7.75
198,0,3,"Olsen, Mr. Karl Siegwart Andreas",Male,42.0,0,1,4579,8.4,Unknown,S,Mr,Unknown,8.4042
199,1,3,"Madigan, Miss. Margaret ""Maggie""",Female,21.0,0,0,370370,7.75,Unknown,Q,Miss,Unknown,7.75
200,0,2,"Yrois, Miss. Henriette (""Mrs Harbeck"")",Female,24.0,0,0,248747,13.0,Unknown,S,Miss,Unknown,13.0
201,0,3,"Vande Walle, Mr. Nestor Cyriel",Male,28.0,0,0,345770,9.5,Unknown,S,Mr,Unknown,9.5
202,0,3,"Sage, Mr. Frederick",Male,30.0,8,2,CA. 2343,69.55,Unknown,S,Mr,Unknown,69.55
203,0,3,"Johanson, Mr. Jakob Alfred",Male,34.0,0,0,3101264,6.5,Unknown,S,Mr,Unknown,6.4958
204,0,3,"Youseff, Mr. Gerious",Male,45.5,0,0,2628,7.22,Unknown,C,Mr,Unknown,7.225
205,1,3,"Cohen, Mr. Gurshon ""Gus""",Male,18.0,0,0,A/5 3540,8.05,Unknown,S,Mr,Unknown,8.05
206,0,3,"Strom, Miss. Telma Matilda",Female,2.0,0,1,347054,10.46,G6,S,Miss,G,10.4625
207,0,3,"Backstrom, Mr. Karl Alfred",Male,32.0,1,0,3101278,15.85,Unknown,S,Mr,Unknown,15.85
208,1,3,"Albimona, Mr. Nassef Cassem",Male,26.0,0,0,2699,18.79,Unknown,C,Mr,Unknown,18.7875
209,1,3,"Carr, Miss. Helen ""Ellen""",Female,16.0,0,0,367231,7.75,Unknown,Q,Miss,Unknown,7.75
210,1,1,"Blank, Mr. Henry",Male,40.0,0,0,112277,31.0,A31,C,Mr,A,31.0
211,0,3,"Ali, Mr. Ahmed",Male,24.0,0,0,SOTON/O.Q. 3101311,7.05,Unknown,S,Mr,Unknown,7.05
212,1,2,"Cameron, Miss. Clear Annie",Female,35.0,0,0,F.C.C. 13528,21.0,Unknown,S,Miss,Unknown,21.0
213,0,3,"Perkin, Mr. John Henry",Male,22.0,0,0,A/5 21174,7.25,Unknown,S,Mr,Unknown,7.25
214,0,2,"Givard, Mr. Hans Kristensen",Male,30.0,0,0,250646,13.0,Unknown,S,Mr,Unknown,13.0
215,0,3,"Kiernan, Mr. Philip",Male,30.0,1,0,367229,7.75,Unknown,Q,Mr,Unknown,7.75
216,1,1,"Newell, Miss. Madeleine",Female,31.0,1,0,35273,113.28,D36,C,Miss,D,113.275
217,1,3,"Honkanen, Miss. Eliina",Female,27.0,0,0,STON/O2. 3101283,7.92,Unknown,S,Miss,Unknown,7.925
218,0,2,"Jacobsohn, Mr. Sidney Samuel",Male,42.0,1,0,243847,27.0,Unknown,S,Mr,Unknown,27.0
219,1,1,"Bazzani, Miss. Albina",Female,32.0,0,0,11813,76.29,D15,C,Miss,D,76.2917
220,0,2,"Harris, Mr. Walter",Male,30.0,0,0,W/C 14208,10.5,Unknown,S,Mr,Unknown,10.5
221,1,3,"Sunderland, Mr. Victor Francis",Male,16.0,0,0,SOTON/OQ 392089,8.05,Unknown,S,Mr,Unknown,8.05
222,0,2,"Bracken, Mr. James H",Male,27.0,0,0,220367,13.0,Unknown,S,Mr,Unknown,13.0
223,0,3,"Green, Mr. George Henry",Male,51.0,0,0,21440,8.05,Unknown,S,Mr,Unknown,8.05
224,0,3,"Nenkoff, Mr. Christo",Male,30.0,0,0,349234,7.9,Unknown,S,Mr,Unknown,7.8958
225,1,1,"Hoyt, Mr. Frederick Maxfield",Male,38.0,1,0,19943,90.0,C93,S,Mr,C,90.0
226,0,3,"Berglund, Mr. Karl Ivar Sven",Male,22.0,0,0,PP 4348,9.35,Unknown,S,Mr,Unknown,9.35
227,1,2,"Mellors, Mr. William John",Male,19.0,0,0,SW/PP 751,10.5,Unknown,S,Mr,Unknown,10.5
228,0,3,"Lovell, Mr. John Hall (""Henry"")",Male,20.5,0,0,A/5 21173,7.25,Unknown,S,Mr,Unknown,7.25
229,0,2,"Fahlstrom, Mr. Arne Jonas",Male,18.0,0,0,236171,13.0,Unknown,S,Mr,Unknown,13.0
230,0,3,"Lefebre, Miss. Mathilde",Female,21.0,3,1,4133,25.47,Unknown,S,Miss,Unknown,25.4667
231,1,1,"Harris, Mrs. Henry Birkhardt (Irene Wallach)",Female,35.0,1,0,36973,83.48,C83,S,Mrs,C,83.475
232,0,3,"Larsson, Mr. Bengt Edvin",Male,29.0,0,0,347067,7.78,Unknown,S,Mr,Unknown,7.775
233,0,2,"Sjostedt, Mr. Ernst Adolf",Male,59.0,0,0,237442,13.5,Unknown,S,Mr,Unknown,13.5
234,1,3,"Asplund, Miss. Lillian Gertrud",Female,5.0,4,2,347077,31.39,Unknown,S,Miss,Unknown,31.3875
235,0,2,"Leyson, Mr. Robert William Norman",Male,24.0,0,0,C.A. 29566,10.5,Unknown,S,Mr,Unknown,10.5
236,0,3,"Harknett, Miss. Alice Phoebe",Female,21.0,0,0,W./C. 6609,7.55,Unknown,S,Miss,Unknown,7.55
237,0,2,"Hold, Mr. Stephen",Male,44.0,1,0,26707,26.0,Unknown,S,Mr,Unknown,26.0
238,1,2,"Collyer, Miss. Marjorie ""Lottie""",Female,8.0,0,2,C.A. 31921,26.25,Unknown,S,Miss,Unknown,26.25
239,0,2,"Pengelly, Mr. Frederick William",Male,19.0,0,0,28665,10.5,Unknown,S,Mr,Unknown,10.5
240,0,2,"Hunt, Mr. George Henry",Male,33.0,0,0,SCO/W 1585,12.28,Unknown,S,Mr,Unknown,12.275
241,0,3,"Zabour, Miss. Thamine",Female,21.0,1,0,2665,14.45,Unknown,C,Miss,Unknown,14.4542
242,1,3,"Murphy, Miss. Katherine ""Kate""",Female,21.0,1,0,367230,15.5,Unknown,Q,Miss,Unknown,15.5
243,0,2,"Coleridge, Mr. Reginald Charles",Male,29.0,0,0,W./C. 14263,10.5,Unknown,S,Mr,Unknown,10.5
244,0,3,"Maenpaa, Mr. Matti Alexanteri",Male,22.0,0,0,STON/O 2. 3101275,7.12,Unknown,S,Mr,Unknown,7.125
245,0,3,"Attalah, Mr. Sleiman",Male,30.0,0,0,2694,7.22,Unknown,C,Mr,Unknown,7.225
246,0,1,"Minahan, Dr. William Edward",Male,44.0,2,0,19928,90.0,C78,Q,Officer,C,90.0
247,0,3,"Lindahl, Miss. Agda Thorilda Viktoria",Female,25.0,0,0,347071,7.78,Unknown,S,Miss,Unknown,7.775
248,1,2,"Hamalainen, Mrs. William (Anna)",Female,24.0,0,2,250649,14.5,Unknown,S,Mrs,Unknown,14.5
249,1,1,"Beckwith, Mr. Richard Leonard",Male,37.0,1,1,11751,52.55,D35,S,Mr,D,52.5542
250,0,2,"Carter, Rev. Ernest Courtenay",Male,54.0,1,0,244252,26.0,Unknown,S,Officer,Unknown,26.0
251,0,3,"Reed, Mr. James George",Male,30.0,0,0,362316,7.25,Unknown,S,Mr,Unknown,7.25
252,0,3,"Strom, Mrs. Wilhelm (Elna Matilda Persson)",Female,29.0,1,1,347054,10.46,G6,S,Mrs,G,10.4625
253,0,1,"Stead, Mr. William Thomas",Male,62.0,0,0,113514,26.55,C87,S,Mr,C,26.55
254,0,3,"Lobb, Mr. William Arthur",Male,30.0,1,0,A/5. 3336,16.1,Unknown,S,Mr,Unknown,16.1
255,0,3,"Rosblom, Mrs. Viktor (Helena Wilhelmina)",Female,41.0,0,2,370129,20.21,Unknown,S,Mrs,Unknown,20.2125
256,1,3,"Touma, Mrs. Darwis (Hanne Youssef Razi)",Female,29.0,0,2,2650,15.25,Unknown,C,Mrs,Unknown,15.2458
257,1,1,"Thorne, Mrs. Gertrude Maybelle",Female,35.0,0,0,PC 17585,79.2,Unknown,C,Mrs,Unknown,79.2
258,1,1,"Cherry, Miss. Gladys",Female,30.0,0,0,110152,86.5,B77,S,Miss,B,86.5
259,1,1,"Ward, Miss. Anna",Female,35.0,0,0,PC 17755,249.01,Unknown,C,Miss,Unknown,512.3292
260,1,2,"Parrish, Mrs. (Lutie Davis)",Female,50.0,0,1,230433,26.0,Unknown,S,Mrs,Unknown,26.0
261,0,3,"Smith, Mr. Thomas",Male,30.0,0,0,384461,7.75,Unknown,Q,Mr,Unknown,7.75
262,1,3,"Asplund, Master. Edvin Rojj Felix",Male,3.0,4,2,347077,31.39,Unknown,S,Master,Unknown,31.3875
263,0,1,"Taussig, Mr. Emil",Male,52.0,1,1,110413,79.65,E67,S,Mr,E,79.65
264,0,1,"Harrison, Mr. William",Male,40.0,0,0,112059,0.0,B94,S,Mr,B,0.0
265,0,3,"Henry, Miss. Delia",Female,21.0,0,0,382649,7.75,Unknown,Q,Miss,Unknown,7.75
266,0,2,"Reeves, Mr. David",Male,36.0,0,0,C.A. 17248,10.5,Unknown,S,Mr,Unknown,10.5
267,0,3,"Panula, Mr. Ernesti Arvid",Male,16.0,4,1,3101295,39.69,Unknown,S,Mr,Unknown,39.6875
268,1,3,"Persson, Mr. Ernst Ulrik",Male,25.0,1,0,347083,7.78,Unknown,S,Mr,Unknown,7.775
269,1,1,"Graham, Mrs. William Thompson (Edith Junkins)",Female,58.0,0,1,PC 17582,153.46,C125,S,Mrs,C,153.4625
270,1,1,"Bissette, Miss. Amelia",Female,35.0,0,0,PC 17760,135.63,C99,S,Miss,C,135.6333
271,0,1,"Cairns, Mr. Alexander",Male,30.0,0,0,113798,31.0,Unknown,S,Mr,Unknown,31.0
272,1,3,"Tornquist, Mr. William Henry",Male,25.0,0,0,LINE,0.0,Unknown,S,Mr,Unknown,0.0
273,1,2,"Mellinger, Mrs. (Elizabeth Anne Maidment)",Female,41.0,0,1,250644,19.5,Unknown,S,Mrs,Unknown,19.5
274,0,1,"Natsch, Mr. Charles H",Male,37.0,0,1,PC 17596,29.7,C118,C,Mr,C,29.7
275,1,3,"Healy, Miss. Hanora ""Nora""",Female,21.0,0,0,370375,7.75,Unknown,Q,Miss,Unknown,7.75
276,1,1,"Andrews, Miss. Kornelia Theodosia",Female,63.0,1,0,13502,77.96,D7,S,Miss,D,77.9583
277,0,3,"Lindblom, Miss. Augusta Charlotta",Female,45.0,0,0,347073,7.75,Unknown,S,Miss,Unknown,7.75
278,0,2,"Parkes, Mr. Francis ""Frank""",Male,30.0,0,0,239853,0.0,Unknown,S,Mr,Unknown,0.0
279,0,3,"Rice, Master. Eric",Male,7.0,4,1,382652,29.12,Unknown,Q,Master,Unknown,29.125
280,1,3,"Abbott, Mrs. Stanton (Rosa Hunt)",Female,35.0,1,1,C.A. 2673,20.25,Unknown,S,Mrs,Unknown,20.25
281,0,3,"Duane, Mr. Frank",Male,65.0,0,0,336439,7.75,Unknown,Q,Mr,Unknown,7.75
282,0,3,"Olsson, Mr. Nils Johan Goransson",Male,28.0,0,0,347464,7.85,Unknown,S,Mr,Unknown,7.8542
283,0,3,"de Pelsmaeker, Mr. Alfons",Male,16.0,0,0,345778,9.5,Unknown,S,Mr,Unknown,9.5
284,1,3,"Dorking, Mr. Edward Arthur",Male,19.0,0,0,A/5. 10482,8.05,Unknown,S,Mr,Unknown,8.05
285,0,1,"Smith, Mr. Richard William",Male,30.0,0,0,113056,26.0,A19,S,Mr,A,26.0
286,0,3,"Stankovic, Mr. Ivan",Male,33.0,0,0,349239,8.66,Unknown,C,Mr,Unknown,8.6625
287,1,3,"de Mulder, Mr. Theodore",Male,30.0,0,0,345774,9.5,Unknown,S,Mr,Unknown,9.5
288,0,3,"Naidenoff, Mr. Penko",Male,22.0,0,0,349206,7.9,Unknown,S,Mr,Unknown,7.8958
289,1,2,"Hosono, Mr. Masabumi",Male,42.0,0,0,237798,13.0,Unknown,S,Mr,Unknown,13.0
290,1,3,"Connolly, Miss. Kate",Female,22.0,0,0,370373,7.75,Unknown,Q,Miss,Unknown,7.75
291,1,1,"Barber, Miss. Ellen ""Nellie""",Female,26.0,0,0,19877,78.85,Unknown,S,Miss,Unknown,78.85
292,1,1,"Bishop, Mrs. Dickinson H (Helen Walton)",Female,19.0,1,0,11967,91.08,B49,C,Mrs,B,91.0792
293,0,2,"Levy, Mr. Rene Jacques",Male,36.0,0,0,SC/Paris 2163,12.88,D,C,Mr,D,12.875
294,0,3,"Haas, Miss. Aloisia",Female,24.0,0,0,349236,8.85,Unknown,S,Miss,Unknown,8.85
295,0,3,"Mineff, Mr. Ivan",Male,24.0,0,0,349233,7.9,Unknown,S,Mr,Unknown,7.8958
296,0,1,"Lewy, Mr. Ervin G",Male,30.0,0,0,PC 17612,27.72,Unknown,C,Mr,Unknown,27.7208
297,0,3,"Hanna, Mr. Mansour",Male,23.5,0,0,2693,7.23,Unknown,C,Mr,Unknown,7.2292
298,0,1,"Allison, Miss. Helen Loraine",Female,2.0,1,2,113781,151.55,C22 C26,S,Miss,C,151.55
299,1,1,"Saalfeld, Mr. Adolphe",Male,30.0,0,0,19988,30.5,C106,S,Mr,C,30.5
300,1,1,"Baxter, Mrs. James (Helene DeLaudeniere Chaput)",Female,50.0,0,1,PC 17558,247.52,B58 B60,C,Mrs,B,247.5208
301,1,3,"Kelly, Miss. Anna Katherine ""Annie Kate""",Female,21.0,0,0,9234,7.75,Unknown,Q,Miss,Unknown,7.75
302,1,3,"McCoy, Mr. Bernard",Male,30.0,2,0,367226,23.25,Unknown,Q,Mr,Unknown,23.25
303,0,3,"Johnson, Mr. William Cahoone Jr",Male,19.0,0,0,LINE,0.0,Unknown,S,Mr,Unknown,0.0
304,1,2,"Keane, Miss. Nora A",Female,21.0,0,0,226593,12.35,E101,Q,Miss,E,12.35
305,0,3,"Williams, Mr. Howard Hugh ""Harry""",Male,30.0,0,0,A/5 2466,8.05,Unknown,S,Mr,Unknown,8.05
306,1,1,"Allison, Master. Hudson Trevor",Male,0.9,1,2,113781,151.55,C22 C26,S,Master,C,151.55
307,1,1,"Fleming, Miss. Margaret",Female,21.0,0,0,17421,110.88,Unknown,C,Miss,Unknown,110.8833
308,1,1,"Penasco y Castellana, Mrs. Victor de Satode (Maria Josefa Perez de Soto y Vallejo)",Female,17.0,1,0,PC 17758,108.9,C65,C,Mrs,C,108.9
309,0,2,"Abelson, Mr. Samuel",Male,30.0,1,0,P/PP 3381,24.0,Unknown,C,Mr,Unknown,24.0
310,1,1,"Francatelli, Miss. Laura Mabel",Female,30.0,0,0,PC 17485,56.93,E36,C,Miss,E,56.9292
311,1,1,"Hays, Miss. Margaret Bechstein",Female,24.0,0,0,11767,83.16,C54,C,Miss,C,83.1583
312,1,1,"Ryerson, Miss. Emily Borie",Female,18.0,2,2,PC 17608,249.01,B57 B59 B63 B66,C,Miss,B,262.375
313,0,2,"Lahtinen, Mrs. William (Anna Sylfven)",Female,26.0,1,1,250651,26.0,Unknown,S,Mrs,Unknown,26.0
314,0,3,"Hendekovic, Mr. Ignjac",Male,28.0,0,0,349243,7.9,Unknown,S,Mr,Unknown,7.8958
315,0,2,"Hart, Mr. Benjamin",Male,43.0,1,1,F.C.C. 13529,26.25,Unknown,S,Mr,Unknown,26.25
316,1,3,"Nilsson, Miss. Helmina Josefina",Female,26.0,0,0,347470,7.85,Unknown,S,Miss,Unknown,7.8542
317,1,2,"Kantor, Mrs. Sinai (Miriam Sternin)",Female,24.0,1,0,244367,26.0,Unknown,S,Mrs,Unknown,26.0
318,0,2,"Moraweck, Dr. Ernest",Male,54.0,0,0,29011,14.0,Unknown,S,Officer,Unknown,14.0
319,1,1,"Wick, Miss. Mary Natalie",Female,31.0,0,2,36928,164.87,C7,S,Miss,C,164.8667
320,1,1,"Spedden, Mrs. Frederic Oakley (Margaretta Corning Stone)",Female,40.0,1,1,16966,134.5,E34,C,Mrs,E,134.5
321,0,3,"Dennis, Mr. Samuel",Male,22.0,0,0,A/5 21172,7.25,Unknown,S,Mr,Unknown,7.25
322,0,3,"Danoff, Mr. Yoto",Male,27.0,0,0,349219,7.9,Unknown,S,Mr,Unknown,7.8958
323,1,2,"Slayter, Miss. Hilda Mary",Female,30.0,0,0,234818,12.35,Unknown,Q,Miss,Unknown,12.35
324,1,2,"Caldwell, Mrs. Albert Francis (Sylvia Mae Harbaugh)",Female,22.0,1,1,248738,29.0,Unknown,S,Mrs,Unknown,29.0
325,0,3,"Sage, Mr. George John Jr",Male,30.0,8,2,CA. 2343,69.55,Unknown,S,Mr,Unknown,69.55
326,1,1,"Young, Miss. Marie Grice",Female,36.0,0,0,PC 17760,135.63,C32,C,Miss,C,135.6333
327,0,3,"Nysveen, Mr. Johan Hansen",Male,61.0,0,0,345364,6.24,Unknown,S,Mr,Unknown,6.2375
328,1,2,"Ball, Mrs. (Ada E Hall)",Female,36.0,0,0,28551,13.0,D,S,Mrs,D,13.0
329,1,3,"Goldsmith, Mrs. Frank John (Emily Alice Brown)",Female,31.0,1,1,363291,20.52,Unknown,S,Mrs,Unknown,20.525
330,1,1,"Hippach, Miss. Jean Gertrude",Female,16.0,0,1,111361,57.98,B18,C,Miss,B,57.9792
331,1,3,"McCoy, Miss. Agnes",Female,21.0,2,0,367226,23.25,Unknown,Q,Miss,Unknown,23.25
332,0,1,"Partner, Mr. Austen",Male,45.5,0,0,113043,28.5,C124,S,Mr,C,28.5
333,0,1,"Graham, Mr. George Edward",Male,38.0,0,1,PC 17582,153.46,C91,S,Mr,C,153.4625
334,0,3,"Vander Planke, Mr. Leo Edmondus",Male,16.0,2,0,345764,18.0,Unknown,S,Mr,Unknown,18.0
335,1,1,"Frauenthal, Mrs. Henry William (Clara Heinsheimer)",Female,35.0,1,0,PC 17611,133.65,Unknown,S,Mrs,Unknown,133.65
336,0,3,"Denkoff, Mr. Mitto",Male,30.0,0,0,349225,7.9,Unknown,S,Mr,Unknown,7.8958
337,0,1,"Pears, Mr. Thomas Clinton",Male,29.0,1,0,113776,66.6,C2,S,Mr,C,66.6
338,1,1,"Burns, Miss. Elizabeth Margaret",Female,41.0,0,0,16966,134.5,E40,C,Miss,E,134.5
339,1,3,"Dahl, Mr. Karl Edwart",Male,45.0,0,0,7598,8.05,Unknown,S,Mr,Unknown,8.05
340,0,1,"Blackwell, Mr. Stephen Weart",Male,45.0,0,0,113784,35.5,T,S,Mr,T,35.5
341,1,2,"Navratil, Master. Edmond Roger",Male,2.0,1,1,230080,26.0,F2,S,Master,F,26.0
342,1,1,"Fortune, Miss. Alice Elizabeth",Female,24.0,3,2,19950,249.01,C23 C25 C27,S,Miss,C,263.0
343,0,2,"Collander, Mr. Erik Gustaf",Male,28.0,0,0,248740,13.0,Unknown,S,Mr,Unknown,13.0
344,0,2,"Sedgwick, Mr. Charles Frederick Waddington",Male,25.0,0,0,244361,13.0,Unknown,S,Mr,Unknown,13.0
345,0,2,"Fox, Mr. Stanley Hubert",Male,36.0,0,0,229236,13.0,Unknown,S,Mr,Unknown,13.0
346,1,2,"Brown, Miss. Amelia ""Mildred""",Female,24.0,0,0,248733,13.0,F33,S,Miss,F,13.0
347,1,2,"Smith, Miss. Marion Elsie",Female,40.0,0,0,31418,13.0,Unknown,S,Miss,Unknown,13.0
348,1,3,"Davison, Mrs. Thomas Henry (Mary E Finck)",Female,35.0,1,0,386525,16.1,Unknown,S,Mrs,Unknown,16.1
349,1,3,"Coutts, Master. William Loch ""William""",Male,3.0,1,1,C.A. 37671,15.9,Unknown,S,Master,Unknown,15.9
350,0,3,"Dimic, Mr. Jovan",Male,42.0,0,0,315088,8.66,Unknown,S,Mr,Unknown,8.6625
351,0,3,"Odahl, Mr. Nils Martin",Male,23.0,0,0,7267,9.22,Unknown,S,Mr,Unknown,9.225
352,0,1,"Williams-Lambert, Mr. Fletcher Fellows",Male,30.0,0,0,113510,35.0,C128,S,Mr,C,35.0
353,0,3,"Elias, Mr. Tannous",Male,15.0,1,1,2695,7.23,Unknown,C,Mr,Unknown,7.2292
354,0,3,"Arnold-Franchi, Mr. Josef",Male,25.0,1,0,349237,17.8,Unknown,S,Mr,Unknown,17.8
355,0,3,"Yousif, Mr. Wazli",Male,30.0,0,0,2647,7.22,Unknown,C,Mr,Unknown,7.225
356,0,3,"Vanden Steen, Mr. Leo Peter",Male,28.0,0,0,345783,9.5,Unknown,S,Mr,Unknown,9.5
357,1,1,"Bowerman, Miss. Elsie Edith",Female,22.0,0,1,113505,55.0,E33,S,Miss,E,55.0
358,0,2,"Funk, Miss. Annie Clemmer",Female,38.0,0,0,237671,13.0,Unknown,S,Miss,Unknown,13.0
359,1,3,"McGovern, Miss. Mary",Female,21.0,0,0,330931,7.88,Unknown,Q,Miss,Unknown,7.8792
360,1,3,"Mockler, Miss. Helen Mary ""Ellie""",Female,21.0,0,0,330980,7.88,Unknown,Q,Miss,Unknown,7.8792
361,0,3,"Skoog, Mr. Wilhelm",Male,40.0,1,4,347088,27.9,Unknown,S,Mr,Unknown,27.9
362,0,2,"del Carlo, Mr. Sebastiano",Male,29.0,1,0,SC/PARIS 2167,27.72,Unknown,C,Mr,Unknown,27.7208
363,0,3,"Barbara, Mrs. (Catherine David)",Female,45.0,0,1,2691,14.45,Unknown,C,Mrs,Unknown,14.4542
364,0,3,"Asim, Mr. Adola",Male,35.0,0,0,SOTON/O.Q. 3101310,7.05,Unknown,S,Mr,Unknown,7.05
365,0,3,"O'Brien, Mr. Thomas",Male,30.0,1,0,370365,15.5,Unknown,Q,Mr,Unknown,15.5
366,0,3,"Adahl, Mr. Mauritz Nils Martin",Male,30.0,0,0,C 7076,7.25,Unknown,S,Mr,Unknown,7.25
367,1,1,"Warren, Mrs. Frank Manley (Anna Sophia Atkinson)",Female,60.0,1,0,110813,75.25,D37,C,Mrs,D,75.25
368,1,3,"Moussa, Mrs. (Mantoura Boulos)",Female,35.0,0,0,2626,7.23,Unknown,C,Mrs,Unknown,7.2292
369,1,3,"Jermyn, Miss. Annie",Female,21.0,0,0,14313,7.75,Unknown,Q,Miss,Unknown,7.75
370,1,1,"Aubart, Mme. Leontine Pauline",Female,24.0,0,0,PC 17477,69.3,B35,C,Mrs,B,69.3
371,1,1,"Harder, Mr. George Achilles",Male,25.0,1,0,11765,55.44,E50,C,Mr,E,55.4417
372,0,3,"Wiklund, Mr. Jakob Alfred",Male,18.0,1,0,3101267,6.5,Unknown,S,Mr,Unknown,6.4958
373,0,3,"Beavan, Mr. William Thomas",Male,19.0,0,0,323951,8.05,Unknown,S,Mr,Unknown,8.05
374,0,1,"Ringhini, Mr. Sante",Male,22.0,0,0,PC 17760,135.63,Unknown,C,Mr,Unknown,135.6333
375,0,3,"Palsson, Miss. Stina Viola",Female,3.0,3,1,349909,21.08,Unknown,S,Miss,Unknown,21.075
376,1,1,"Meyer, Mrs. Edgar Joseph (Leila Saks)",Female,35.0,1,0,PC 17604,82.17,Unknown,C,Mrs,Unknown,82.1708
377,1,3,"Landergren, Miss. Aurora Adelia",Female,22.0,0,0,C 7077,7.25,Unknown,S,Miss,Unknown,7.25
378,0,1,"Widener, Mr. Harry Elkins",Male,27.0,0,2,113503,211.5,C82,C,Mr,C,211.5
379,0,3,"Betros, Mr. Tannous",Male,20.0,0,0,2648,4.01,Unknown,C,Mr,Unknown,4.0125
380,0,3,"Gustafsson, Mr. Karl Gideon",Male,19.0,0,0,347069,7.78,Unknown,S,Mr,Unknown,7.775
381,1,1,"Bidois, Miss. Rosalie",Female,42.0,0,0,PC 17757,227.52,Unknown,C,Miss,Unknown,227.525
382,1,3,"Nakid, Miss. Maria (""Mary"")",Female,1.0,0,2,2653,15.74,Unknown,C,Miss,Unknown,15.7417
383,0,3,"Tikkanen, Mr. Juho",Male,32.0,0,0,STON/O 2. 3101293,7.92,Unknown,S,Mr,Unknown,7.925
384,1,1,"Holverson, Mrs. Alexander Oskar (Mary Aline Towner)",Female,35.0,1,0,113789,52.0,Unknown,S,Mrs,Unknown,52.0
385,0,3,"Plotcharsky, Mr. Vasil",Male,30.0,0,0,349227,7.9,Unknown,S,Mr,Unknown,7.8958
386,0,2,"Davies, Mr. Charles Henry",Male,18.0,0,0,S.O.C. 14879,73.5,Unknown,S,Mr,Unknown,73.5
387,0,3,"Goodwin, Master. Sidney Leonard",Male,1.0,5,2,CA 2144,46.9,Unknown,S,Master,Unknown,46.9
388,1,2,"Buss, Miss. Kate",Female,36.0,0,0,27849,13.0,Unknown,S,Miss,Unknown,13.0
389,0,3,"Sadlier, Mr. Matthew",Male,30.0,0,0,367655,7.73,Unknown,Q,Mr,Unknown,7.7292
390,1,2,"Lehmann, Miss. Bertha",Female,17.0,0,0,SC 1748,12.0,Unknown,C,Miss,Unknown,12.0
391,1,1,"Carter, Mr. William Ernest",Male,36.0,1,2,113760,120.0,B96 B98,S,Mr,B,120.0
392,1,3,"Jansson, Mr. Carl Olof",Male,21.0,0,0,350034,7.8,Unknown,S,Mr,Unknown,7.7958
393,0,3,"Gustafsson, Mr. Johan Birger",Male,28.0,2,0,3101277,7.92,Unknown,S,Mr,Unknown,7.925
394,1,1,"Newell, Miss. Marjorie",Female,23.0,1,0,35273,113.28,D36,C,Miss,D,113.275
395,1,3,"Sandstrom, Mrs. Hjalmar (Agnes Charlotta Bengtsson)",Female,24.0,0,2,PP 9549,16.7,G6,S,Mrs,G,16.7
396,0,3,"Johansson, Mr. Erik",Male,22.0,0,0,350052,7.8,Unknown,S,Mr,Unknown,7.7958
397,0,3,"Olsson, Miss. Elina",Female,31.0,0,0,350407,7.85,Unknown,S,Miss,Unknown,7.8542
398,0,2,"McKane, Mr. Peter David",Male,46.0,0,0,28403,26.0,Unknown,S,Mr,Unknown,26.0
399,0,2,"Pain, Dr. Alfred",Male,23.0,0,0,244278,10.5,Unknown,S,Officer,Unknown,10.5
400,1,2,"Trout, Mrs. William H (Jessie L)",Female,28.0,0,0,240929,12.65,Unknown,S,Mrs,Unknown,12.65
401,1,3,"Niskanen, Mr. Juha",Male,39.0,0,0,STON/O 2. 3101289,7.92,Unknown,S,Mr,Unknown,7.925
402,0,3,"Adams, Mr. John",Male,26.0,0,0,341826,8.05,Unknown,S,Mr,Unknown,8.05
403,0,3,"Jussila, Miss. Mari Aina",Female,21.0,1,0,4137,9.82,Unknown,S,Miss,Unknown,9.825
404,0,3,"Hakkarainen, Mr. Pekka Pietari",Male,28.0,1,0,STON/O2. 3101279,15.85,Unknown,S,Mr,Unknown,15.85
405,0,3,"Oreskovic, Miss. Marija",Female,20.0,0,0,315096,8.66,Unknown,S,Miss,Unknown,8.6625
406,0,2,"Gale, Mr. Shadrach",Male,34.0,1,0,28664,21.0,Unknown,S,Mr,Unknown,21.0
407,0,3,"Widegren, Mr. Carl/Charles Peter",Male,51.0,0,0,347064,7.75,Unknown,S,Mr,Unknown,7.75
408,1,2,"Richards, Master. William Rowe",Male,3.0,1,1,29106,18.75,Unknown,S,Master,Unknown,18.75
409,0,3,"Birkeland, Mr. Hans Martin Monsen",Male,21.0,0,0,312992,7.78,Unknown,S,Mr,Unknown,7.775
410,0,3,"Lefebre, Miss. Ida",Female,21.0,3,1,4133,25.47,Unknown,S,Miss,Unknown,25.4667
411,0,3,"Sdycoff, Mr. Todor",Male,30.0,0,0,349222,7.9,Unknown,S,Mr,Unknown,7.8958
412,0,3,"Hart, Mr. Henry",Male,30.0,0,0,394140,6.86,Unknown,Q,Mr,Unknown,6.8583
413,1,1,"Minahan, Miss. Daisy E",Female,33.0,1,0,19928,90.0,C78,Q,Miss,C,90.0
414,0,2,"Cunningham, Mr. Alfred Fleming",Male,30.0,0,0,239853,0.0,Unknown,S,Mr,Unknown,0.0
415,1,3,"Sundman, Mr. Johan Julian",Male,44.0,0,0,STON/O 2. 3101269,7.92,Unknown,S,Mr,Unknown,7.925
416,0,3,"Meek, Mrs. Thomas (Annie Louise Rowley)",Female,35.0,0,0,343095,8.05,Unknown,S,Mrs,Unknown,8.05
417,1,2,"Drew, Mrs. James Vivian (Lulu Thorne Christian)",Female,34.0,1,1,28220,32.5,Unknown,S,Mrs,Unknown,32.5
418,1,2,"Silven, Miss. Lyyli Karoliina",Female,18.0,0,2,250652,13.0,Unknown,S,Miss,Unknown,13.0
419,0,2,"Matthews, Mr. William John",Male,30.0,0,0,28228,13.0,Unknown,S,Mr,Unknown,13.0
420,0,3,"Van Impe, Miss. Catharina",Female,10.0,0,2,345773,24.15,Unknown,S,Miss,Unknown,24.15
421,0,3,"Gheorgheff, Mr. Stanio",Male,30.0,0,0,349254,7.9,Unknown,C,Mr,Unknown,7.8958
422,0,3,"Charters, Mr. David",Male,21.0,0,0,A/5. 13032,7.73,Unknown,Q,Mr,Unknown,7.7333
423,0,3,"Zimmerman, Mr. Leo",Male,29.0,0,0,315082,7.88,Unknown,S,Mr,Unknown,7.875
424,0,3,"Danbom, Mrs. Ernst Gilbert (Anna Sigrid Maria Brogren)",Female,28.0,1,1,347080,14.4,Unknown,S,Mrs,Unknown,14.4
425,0,3,"Rosblom, Mr. Viktor Richard",Male,18.0,1,1,370129,20.21,Unknown,S,Mr,Unknown,20.2125
426,0,3,"Wiseman, Mr. Phillippe",Male,30.0,0,0,A/4. 34244,7.25,Unknown,S,Mr,Unknown,7.25
427,1,2,"Clarke, Mrs. Charles V (Ada Maria Winfield)",Female,28.0,1,0,2003,26.0,Unknown,S,Mrs,Unknown,26.0
428,1,2,"Phillips, Miss. Kate Florence (""Mrs Kate Louise Phillips Marshall"")",Female,19.0,0,0,250655,26.0,Unknown,S,Miss,Unknown,26.0
429,0,3,"Flynn, Mr. James",Male,30.0,0,0,364851,7.75,Unknown,Q,Mr,Unknown,7.75
430,1,3,"Pickard, Mr. Berk (Berk Trembisky)",Male,32.0,0,0,SOTON/O.Q. 392078,8.05,E10,S,Mr,E,8.05
431,1,1,"Bjornstrom-Steffansson, Mr. Mauritz Hakan",Male,28.0,0,0,110564,26.55,C52,S,Mr,C,26.55
432,1,3,"Thorneycroft, Mrs. Percival (Florence Kate White)",Female,35.0,1,0,376564,16.1,Unknown,S,Mrs,Unknown,16.1
433,1,2,"Louch, Mrs. Charles Alexander (Alice Adelaide Slow)",Female,42.0,1,0,SC/AH 3085,26.0,Unknown,S,Mrs,Unknown,26.0
434,0,3,"Kallio, Mr. Nikolai Erland",Male,17.0,0,0,STON/O 2. 3101274,7.12,Unknown,S,Mr,Unknown,7.125
435,0,1,"Silvey, Mr. William Baird",Male,50.0,1,0,13507,55.9,E44,S,Mr,E,55.9
436,1,1,"Carter, Miss. Lucile Polk",Female,14.0,1,2,113760,120.0,B96 B98,S,Miss,B,120.0
437,0,3,"Ford, Miss. Doolina Margaret ""Daisy""",Female,21.0,2,2,W./C. 6608,34.38,Unknown,S,Miss,Unknown,34.375
438,1,2,"Richards, Mrs. Sidney (Emily Hocking)",Female,24.0,2,3,29106,18.75,Unknown,S,Mrs,Unknown,18.75
439,0,1,"Fortune, Mr. Mark",Male,64.0,1,4,19950,249.01,C23 C25 C27,S,Mr,C,263.0
440,0,2,"Kvillner, Mr. Johan Henrik Johannesson",Male,31.0,0,0,C.A. 18723,10.5,Unknown,S,Mr,Unknown,10.5
441,1,2,"Hart, Mrs. Benjamin (Esther Ada Bloomfield)",Female,45.0,1,1,F.C.C. 13529,26.25,Unknown,S,Mrs,Unknown,26.25
442,0,3,"Hampe, Mr. Leon",Male,20.0,0,0,345769,9.5,Unknown,S,Mr,Unknown,9.5
443,0,3,"Petterson, Mr. Johan Emil",Male,25.0,1,0,347076,7.78,Unknown,S,Mr,Unknown,7.775
444,1,2,"Reynaldo, Ms. Encarnacion",Female,28.0,0,0,230434,13.0,Unknown,S,Miss,Unknown,13.0
445,1,3,"Johannesen-Bratthammer, Mr. Bernt",Male,30.0,0,0,65306,8.11,Unknown,S,Mr,Unknown,8.1125
446,1,1,"Dodge, Master. Washington",Male,4.0,0,2,33638,81.86,A34,S,Master,A,81.8583
447,1,2,"Mellinger, Miss. Madeleine Violet",Female,13.0,0,1,250644,19.5,Unknown,S,Miss,Unknown,19.5
448,1,1,"Seward, Mr. Frederic Kimber",Male,34.0,0,0,113794,26.55,Unknown,S,Mr,Unknown,26.55
449,1,3,"Baclini, Miss. Marie Catherine",Female,5.0,2,1,2666,19.26,Unknown,C,Miss,Unknown,19.2583
450,1,1,"Peuchen, Major. Arthur Godfrey",Male,52.0,0,0,113786,30.5,C104,S,Officer,C,30.5
451,0,2,"West, Mr. Edwy Arthur",Male,36.0,1,2,C.A. 34651,27.75,Unknown,S,Mr,Unknown,27.75
452,0,3,"Hagland, Mr. Ingvald Olai Olsen",Male,30.0,1,0,65303,19.97,Unknown,S,Mr,Unknown,19.9667
453,0,1,"Foreman, Mr. Benjamin Laventall",Male,30.0,0,0,113051,27.75,C111,C,Mr,C,27.75
454,1,1,"Goldenberg, Mr. Samuel L",Male,49.0,1,0,17453,89.1,C92,C,Mr,C,89.1042
455,0,3,"Peduzzi, Mr. Joseph",Male,30.0,0,0,A/5 2817,8.05,Unknown,S,Mr,Unknown,8.05
456,1,3,"Jalsevac, Mr. Ivan",Male,29.0,0,0,349240,7.9,Unknown,C,Mr,Unknown,7.8958
457,0,1,"Millet, Mr. Francis Davis",Male,65.0,0,0,13509,26.55,E38,S,Mr,E,26.55
458,1,1,"Kenyon, Mrs. Frederick R (Marion)",Female,35.0,1,0,17464,51.86,D21,S,Mrs,D,51.8625
459,1,2,"Toomey, Miss. Ellen",Female,50.0,0,0,F.C.C. 13531,10.5,Unknown,S,Miss,Unknown,10.5
460,0,3,"O'Connor, Mr. Maurice",Male,30.0,0,0,371060,7.75,Unknown,Q,Mr,Unknown,7.75
461,1,1,"Anderson, Mr. Harry",Male,48.0,0,0,19952,26.55,E12,S,Mr,E,26.55
462,0,3,"Morley, Mr. William",Male,34.0,0,0,364506,8.05,Unknown,S,Mr,Unknown,8.05
463,0,1,"Gee, Mr. Arthur H",Male,47.0,0,0,111320,38.5,E63,S,Mr,E,38.5
464,0,2,"Milling, Mr. Jacob Christian",Male,48.0,0,0,234360,13.0,Unknown,S,Mr,Unknown,13.0
465,0,3,"Maisner, Mr. Simon",Male,30.0,0,0,A/S 2816,8.05,Unknown,S,Mr,Unknown,8.05
466,0,3,"Goncalves, Mr. Manuel Estanslas",Male,38.0,0,0,SOTON/O.Q. 3101306,7.05,Unknown,S,Mr,Unknown,7.05
467,0,2,"Campbell, Mr. William",Male,30.0,0,0,239853,0.0,Unknown,S,Mr,Unknown,0.0
468,0,1,"Smart, Mr. John Montgomery",Male,56.0,0,0,113792,26.55,Unknown,S,Mr,Unknown,26.55
469,0,3,"Scanlan, Mr. James",Male,30.0,0,0,36209,7.72,Unknown,Q,Mr,Unknown,7.725
470,1,3,"Baclini, Miss. Helene Barbara",Female,0.8,2,1,2666,19.26,Unknown,C,Miss,Unknown,19.2583
471,0,3,"Keefe, Mr. Arthur",Male,30.0,0,0,323592,7.25,Unknown,S,Mr,Unknown,7.25
472,0,3,"Cacic, Mr. Luka",Male,38.0,0,0,315089,8.66,Unknown,S,Mr,Unknown,8.6625
473,1,2,"West, Mrs. Edwy Arthur (Ada Mary Worth)",Female,33.0,1,2,C.A. 34651,27.75,Unknown,S,Mrs,Unknown,27.75
474,1,2,"Jerwan, Mrs. Amin S (Marie Marthe Thuillard)",Female,23.0,0,0,SC/AH Basle 541,13.79,D,C,Mrs,D,13.7917
475,0,3,"Strandberg, Miss. Ida Sofia",Female,22.0,0,0,7553,9.84,Unknown,S,Miss,Unknown,9.8375
476,0,1,"Clifford, Mr. George Quincy",Male,30.0,0,0,110465,52.0,A14,S,Mr,A,52.0
477,0,2,"Renouf, Mr. Peter Henry",Male,34.0,1,0,31027,21.0,Unknown,S,Mr,Unknown,21.0
478,0,3,"Braund, Mr. Lewis Richard",Male,29.0,1,0,3460,7.05,Unknown,S,Mr,Unknown,7.0458
479,0,3,"Karlsson, Mr. Nils August",Male,22.0,0,0,350060,7.52,Unknown,S,Mr,Unknown,7.5208
480,1,3,"Hirvonen, Miss. Hildur E",Female,2.0,0,1,3101298,12.29,Unknown,S,Miss,Unknown,12.2875
481,0,3,"Goodwin, Master. Harold Victor",Male,9.0,5,2,CA 2144,46.9,Unknown,S,Master,Unknown,46.9
482,0,2,"Frost, Mr. Anthony Wood ""Archie""",Male,30.0,0,0,239854,0.0,Unknown,S,Mr,Unknown,0.0
483,0,3,"Rouse, Mr. Richard Henry",Male,50.0,0,0,A/5 3594,8.05,Unknown,S,Mr,Unknown,8.05
484,1,3,"Turkula, Mrs. (Hedwig)",Female,63.0,0,0,4134,9.59,Unknown,S,Mrs,Unknown,9.5875
485,1,1,"Bishop, Mr. Dickinson H",Male,25.0,1,0,11967,91.08,B49,C,Mr,B,91.0792
486,0,3,"Lefebre, Miss. Jeannie",Female,21.0,3,1,4133,25.47,Unknown,S,Miss,Unknown,25.4667
487,1,1,"Hoyt, Mrs. Frederick Maxfield (Jane Anne Forby)",Female,35.0,1,0,19943,90.0,C93,S,Mrs,C,90.0
488,0,1,"Kent, Mr. Edward Austin",Male,58.0,0,0,11771,29.7,B37,C,Mr,B,29.7
489,0,3,"Somerton, Mr. Francis William",Male,30.0,0,0,A.5. 18509,8.05,Unknown,S,Mr,Unknown,8.05
490,1,3,"Coutts, Master. Eden Leslie ""Neville""",Male,9.0,1,1,C.A. 37671,15.9,Unknown,S,Master,Unknown,15.9
491,0,3,"Hagland, Mr. Konrad Mathias Reiersen",Male,30.0,1,0,65304,19.97,Unknown,S,Mr,Unknown,19.9667
492,0,3,"Windelov, Mr. Einar",Male,21.0,0,0,SOTON/OQ 3101317,7.25,Unknown,S,Mr,Unknown,7.25
493,0,1,"Molson, Mr. Harry Markland",Male,55.0,0,0,113787,30.5,C30,S,Mr,C,30.5
494,0,1,"Artagaveytia, Mr. Ramon",Male,71.0,0,0,PC 17609,49.5,Unknown,C,Mr,Unknown,49.5042
495,0,3,"Stanley, Mr. Edward Roland",Male,21.0,0,0,A/4 45380,8.05,Unknown,S,Mr,Unknown,8.05
496,0,3,"Yousseff, Mr. Gerious",Male,30.0,0,0,2627,14.46,Unknown,C,Mr,Unknown,14.4583
497,1,1,"Eustis, Miss. Elizabeth Mussey",Female,54.0,1,0,36947,78.27,D20,C,Miss,D,78.2667
498,0,3,"Shellard, Mr. Frederick William",Male,30.0,0,0,C.A. 6212,15.1,Unknown,S,Mr,Unknown,15.1
499,0,1,"Allison, Mrs. Hudson J C (Bessie Waldo Daniels)",Female,25.0,1,2,113781,151.55,C22 C26,S,Mrs,C,151.55
500,0,3,"Svensson, Mr. Olof",Male,24.0,0,0,350035,7.8,Unknown,S,Mr,Unknown,7.7958
501,0,3,"Calic, Mr. Petar",Male,17.0,0,0,315086,8.66,Unknown,S,Mr,Unknown,8.6625
502,0,3,"Canavan, Miss. Mary",Female,21.0,0,0,364846,7.75,Unknown,Q,Miss,Unknown,7.75
503,0,3,"O'Sullivan, Miss. Bridget Mary",Female,21.0,0,0,330909,7.63,Unknown,Q,Miss,Unknown,7.6292
504,0,3,"Laitinen, Miss. Kristina Sofia",Female,37.0,0,0,4135,9.59,Unknown,S,Miss,Unknown,9.5875
505,1,1,"Maioni, Miss. Roberta",Female,16.0,0,0,110152,86.5,B79,S,Miss,B,86.5
506,0,1,"Penasco y Castellana, Mr. Victor de Satode",Male,18.0,1,0,PC 17758,108.9,C65,C,Mr,C,108.9
507,1,2,"Quick, Mrs. Frederick Charles (Jane Richards)",Female,33.0,0,2,26360,26.0,Unknown,S,Mrs,Unknown,26.0
508,1,1,"Bradley, Mr. George (""George Arthur Brayton"")",Male,30.0,0,0,111427,26.55,Unknown,S,Mr,Unknown,26.55
509,0,3,"Olsen, Mr. Henry Margido",Male,28.0,0,0,C 4001,22.52,Unknown,S,Mr,Unknown,22.525
510,1,3,"Lang, Mr. Fang",Male,26.0,0,0,1601,56.5,Unknown,S,Mr,Unknown,56.4958
511,1,3,"Daly, Mr. Eugene Patrick",Male,29.0,0,0,382651,7.75,Unknown,Q,Mr,Unknown,7.75
512,0,3,"Webber, Mr. James",Male,30.0,0,0,SOTON/OQ 3101316,8.05,Unknown,S,Mr,Unknown,8.05
513,1,1,"McGough, Mr. James Robert",Male,36.0,0,0,PC 17473,26.29,E25,S,Mr,E,26.2875
514,1,1,"Rothschild, Mrs. Martin (Elizabeth L. Barrett)",Female,54.0,1,0,PC 17603,59.4,Unknown,C,Mrs,Unknown,59.4
515,0,3,"Coleff, Mr. Satio",Male,24.0,0,0,349209,7.5,Unknown,S,Mr,Unknown,7.4958
516,0,1,"Walker, Mr. William Anderson",Male,47.0,0,0,36967,34.02,D46,S,Mr,D,34.0208
517,1,2,"Lemore, Mrs. (Amelia Milley)",Female,34.0,0,0,C.A. 34260,10.5,F33,S,Mrs,F,10.5
518,0,3,"Ryan, Mr. Patrick",Male,30.0,0,0,371110,24.15,Unknown,Q,Mr,Unknown,24.15
519,1,2,"Angle, Mrs. William A (Florence ""Mary"" Agnes Hughes)",Female,36.0,1,0,226875,26.0,Unknown,S,Mrs,Unknown,26.0
520,0,3,"Pavlovic, Mr. Stefo",Male,32.0,0,0,349242,7.9,Unknown,S,Mr,Unknown,7.8958
521,1,1,"Perreault, Miss. Anne",Female,30.0,0,0,12749,93.5,B73,S,Miss,B,93.5
522,0,3,"Vovk, Mr. Janko",Male,22.0,0,0,349252,7.9,Unknown,S,Mr,Unknown,7.8958
523,0,3,"Lahoud, Mr. Sarkis",Male,30.0,0,0,2624,7.22,Unknown,C,Mr,Unknown,7.225
524,1,1,"Hippach, Mrs. Louis Albert (Ida Sophia Fischer)",Female,44.0,0,1,111361,57.98,B18,C,Mrs,B,57.9792
525,0,3,"Kassem, Mr. Fared",Male,30.0,0,0,2700,7.23,Unknown,C,Mr,Unknown,7.2292
526,0,3,"Farrell, Mr. James",Male,40.5,0,0,367232,7.75,Unknown,Q,Mr,Unknown,7.75
527,1,2,"Ridsdale, Miss. Lucy",Female,50.0,0,0,W./C. 14258,10.5,Unknown,S,Miss,Unknown,10.5
528,0,1,"Farthing, Mr. John",Male,30.0,0,0,PC 17483,221.78,C95,S,Mr,C,221.7792
529,0,3,"Salonen, Mr. Johan Werner",Male,39.0,0,0,3101296,7.92,Unknown,S,Mr,Unknown,7.925
530,0,2,"Hocking, Mr. Richard George",Male,23.0,2,1,29104,11.5,Unknown,S,Mr,Unknown,11.5
531,1,2,"Quick, Miss. Phyllis May",Female,2.0,1,1,26360,26.0,Unknown,S,Miss,Unknown,26.0
532,0,3,"Toufik, Mr. Nakli",Male,30.0,0,0,2641,7.23,Unknown,C,Mr,Unknown,7.2292
533,0,3,"Elias, Mr. Joseph Jr",Male,17.0,1,1,2690,7.23,Unknown,C,Mr,Unknown,7.2292
534,1,3,"Peter, Mrs. Catherine (Catherine Rizk)",Female,35.0,0,2,2668,22.36,Unknown,C,Mrs,Unknown,22.3583
535,0,3,"Cacic, Miss. Marija",Female,30.0,0,0,315084,8.66,Unknown,S,Miss,Unknown,8.6625
536,1,2,"Hart, Miss. Eva Miriam",Female,7.0,0,2,F.C.C. 13529,26.25,Unknown,S,Miss,Unknown,26.25
537,0,1,"Butt, Major. Archibald Willingham",Male,45.0,0,0,113050,26.55,B38,S,Officer,B,26.55
538,1,1,"LeRoy, Miss. Bertha",Female,30.0,0,0,PC 17761,106.42,Unknown,C,Miss,Unknown,106.425
539,0,3,"Risien, Mr. Samuel Beard",Male,30.0,0,0,364498,14.5,Unknown,S,Mr,Unknown,14.5
540,1,1,"Frolicher, Miss. Hedwig Margaritha",Female,22.0,0,2,13568,49.5,B39,C,Miss,B,49.5
541,1,1,"Crosby, Miss. Harriet R",Female,36.0,0,2,WE/P 5735,71.0,B22,S,Miss,B,71.0
542,0,3,"Andersson, Miss. Ingeborg Constanzia",Female,9.0,4,2,347082,31.28,Unknown,S,Miss,Unknown,31.275
543,0,3,"Andersson, Miss. Sigrid Elisabeth",Female,11.0,4,2,347082,31.28,Unknown,S,Miss,Unknown,31.275
544,1,2,"Beane, Mr. Edward",Male,32.0,1,0,2908,26.0,Unknown,S,Mr,Unknown,26.0
545,0,1,"Douglas, Mr. Walter Donald",Male,50.0,1,0,PC 17761,106.42,C86,C,Mr,C,106.425
546,0,1,"Nicholson, Mr. Arthur Ernest",Male,64.0,0,0,693,26.0,Unknown,S,Mr,Unknown,26.0
547,1,2,"Beane, Mrs. Edward (Ethel Clarke)",Female,19.0,1,0,2908,26.0,Unknown,S,Mrs,Unknown,26.0
548,1,2,"Padro y Manent, Mr. Julian",Male,30.0,0,0,SC/PARIS 2146,13.86,Unknown,C,Mr,Unknown,13.8625
549,0,3,"Goldsmith, Mr. Frank John",Male,33.0,1,1,363291,20.52,Unknown,S,Mr,Unknown,20.525
550,1,2,"Davies, Master. John Morgan Jr",Male,8.0,1,1,C.A. 33112,36.75,Unknown,S,Master,Unknown,36.75
551,1,1,"Thayer, Mr. John Borland Jr",Male,17.0,0,2,17421,110.88,C70,C,Mr,C,110.8833
552,0,2,"Sharp, Mr. Percival James R",Male,27.0,0,0,244358,26.0,Unknown,S,Mr,Unknown,26.0
553,0,3,"O'Brien, Mr. Timothy",Male,30.0,0,0,330979,7.83,Unknown,Q,Mr,Unknown,7.8292
554,1,3,"Leeni, Mr. Fahim (""Philip Zenni"")",Male,22.0,0,0,2620,7.22,Unknown,C,Mr,Unknown,7.225
555,1,3,"Ohman, Miss. Velin",Female,22.0,0,0,347085,7.78,Unknown,S,Miss,Unknown,7.775
556,0,1,"Wright, Mr. George",Male,62.0,0,0,113807,26.55,Unknown,S,Mr,Unknown,26.55
557,1,1,"Duff Gordon, Lady. (Lucille Christiana Sutherland) (""Mrs Morgan"")",Female,48.0,1,0,11755,39.6,A16,C,Royalty,A,39.6
558,0,1,"Robbins, Mr. Victor",Male,30.0,0,0,PC 17757,227.52,Unknown,C,Mr,Unknown,227.525
559,1,1,"Taussig, Mrs. Emil (Tillie Mandelbaum)",Female,39.0,1,1,110413,79.65,E67,S,Mrs,E,79.65
560,1,3,"de Messemaeker, Mrs. Guillaume Joseph (Emma)",Female,36.0,1,0,345572,17.4,Unknown,S,Mrs,Unknown,17.4
561,0,3,"Morrow, Mr. Thomas Rowan",Male,30.0,0,0,372622,7.75,Unknown,Q,Mr,Unknown,7.75
562,0,3,"Sivic, Mr. Husein",Male,40.0,0,0,349251,7.9,Unknown,S,Mr,Unknown,7.8958
563,0,2,"Norman, Mr. Robert Douglas",Male,28.0,0,0,218629,13.5,Unknown,S,Mr,Unknown,13.5
564,0,3,"Simmons, Mr. John",Male,30.0,0,0,SOTON/OQ 392082,8.05,Unknown,S,Mr,Unknown,8.05
565,0,3,"Meanwell, Miss. (Marion Ogden)",Female,21.0,0,0,SOTON/O.Q. 392087,8.05,Unknown,S,Miss,Unknown,8.05
566,0,3,"Davies, Mr. Alfred J",Male,24.0,2,0,A/4 48871,24.15,Unknown,S,Mr,Unknown,24.15
567,0,3,"Stoytcheff, Mr. Ilia",Male,19.0,0,0,349205,7.9,Unknown,S,Mr,Unknown,7.8958
568,0,3,"Palsson, Mrs. Nils (Alma Cornelia Berglund)",Female,29.0,0,4,349909,21.08,Unknown,S,Mrs,Unknown,21.075
569,0,3,"Doharr, Mr. Tannous",Male,30.0,0,0,2686,7.23,Unknown,C,Mr,Unknown,7.2292
570,1,3,"Jonsson, Mr. Carl",Male,32.0,0,0,350417,7.85,Unknown,S,Mr,Unknown,7.8542
571,1,2,"Harris, Mr. George",Male,62.0,0,0,S.W./PP 752,10.5,Unknown,S,Mr,Unknown,10.5
572,1,1,"Appleton, Mrs. Edward Dale (Charlotte Lamson)",Female,53.0,2,0,11769,51.48,C101,S,Mrs,C,51.4792
573,1,1,"Flynn, Mr. John Irwin (""Irving"")",Male,36.0,0,0,PC 17474,26.39,E25,S,Mr,E,26.3875
574,1,3,"Kelly, Miss. Mary",Female,21.0,0,0,14312,7.75,Unknown,Q,Miss,Unknown,7.75
575,0,3,"Rush, Mr. Alfred George John",Male,16.0,0,0,A/4. 20589,8.05,Unknown,S,Mr,Unknown,8.05
576,0,3,"Patchett, Mr. George",Male,19.0,0,0,358585,14.5,Unknown,S,Mr,Unknown,14.5
577,1,2,"Garside, Miss. Ethel",Female,34.0,0,0,243880,13.0,Unknown,S,Miss,Unknown,13.0
578,1,1,"Silvey, Mrs. William Baird (Alice Munger)",Female,39.0,1,0,13507,55.9,E44,S,Mrs,E,55.9
579,0,3,"Caram, Mrs. Joseph (Maria Elias)",Female,35.0,1,0,2689,14.46,Unknown,C,Mrs,Unknown,14.4583
580,1,3,"Jussila, Mr. Eiriik",Male,32.0,0,0,STON/O 2. 3101286,7.92,Unknown,S,Mr,Unknown,7.925
581,1,2,"Christy, Miss. Julie Rachel",Female,25.0,1,1,237789,30.0,Unknown,S,Miss,Unknown,30.0
582,1,1,"Thayer, Mrs. John Borland (Marian Longstreth Morris)",Female,39.0,1,1,17421,110.88,C68,C,Mrs,C,110.8833
583,0,2,"Downton, Mr. William James",Male,54.0,0,0,28403,26.0,Unknown,S,Mr,Unknown,26.0
584,0,1,"Ross, Mr. John Hugo",Male,36.0,0,0,13049,40.12,A10,C,Mr,A,40.125
585,0,3,"Paulner, Mr. Uscher",Male,30.0,0,0,3411,8.71,Unknown,C,Mr,Unknown,8.7125
586,1,1,"Taussig, Miss. Ruth",Female,18.0,0,2,110413,79.65,E68,S,Miss,E,79.65
587,0,2,"Jarvis, Mr. John Denzil",Male,47.0,0,0,237565,15.0,Unknown,S,Mr,Unknown,15.0
588,1,1,"Frolicher-Stehli, Mr. Maxmillian",Male,60.0,1,1,13567,79.2,B41,C,Mr,B,79.2
589,0,3,"Gilinski, Mr. Eliezer",Male,22.0,0,0,14973,8.05,Unknown,S,Mr,Unknown,8.05
590,0,3,"Murdlin, Mr. Joseph",Male,30.0,0,0,A./5. 3235,8.05,Unknown,S,Mr,Unknown,8.05
591,0,3,"Rintamaki, Mr. Matti",Male,35.0,0,0,STON/O 2. 3101273,7.12,Unknown,S,Mr,Unknown,7.125
592,1,1,"Stephenson, Mrs. Walter Bertram (Martha Eustis)",Female,52.0,1,0,36947,78.27,D20,C,Mrs,D,78.2667
593,0,3,"Elsbury, Mr. William James",Male,47.0,0,0,A/5 3902,7.25,Unknown,S,Mr,Unknown,7.25
594,0,3,"Bourke, Miss. Mary",Female,21.0,0,2,364848,7.75,Unknown,Q,Miss,Unknown,7.75
595,0,2,"Chapman, Mr. John Henry",Male,37.0,1,0,SC/AH 29037,26.0,Unknown,S,Mr,Unknown,26.0
596,0,3,"Van Impe, Mr. Jean Baptiste",Male,36.0,1,1,345773,24.15,Unknown,S,Mr,Unknown,24.15
597,1,2,"Leitch, Miss. Jessie Wills",Female,21.0,0,0,248727,33.0,Unknown,S,Miss,Unknown,33.0
598,0,3,"Johnson, Mr. Alfred",Male,49.0,0,0,LINE,0.0,Unknown,S,Mr,Unknown,0.0
599,0,3,"Boulos, Mr. Hanna",Male,30.0,0,0,2664,7.22,Unknown,C,Mr,Unknown,7.225
600,1,1,"Duff Gordon, Sir. Cosmo Edmund (""Mr Morgan"")",Male,49.0,1,0,PC 17485,56.93,A20,C,Royalty,A,56.9292
601,1,2,"Jacobsohn, Mrs. Sidney Samuel (Amy Frances Christy)",Female,24.0,2,1,243847,27.0,Unknown,S,Mrs,Unknown,27.0
602,0,3,"Slabenoff, Mr. Petco",Male,30.0,0,0,349214,7.9,Unknown,S,Mr,Unknown,7.8958
603,0,1,"Harrington, Mr. Charles H",Male,30.0,0,0,113796,42.4,Unknown,S,Mr,Unknown,42.4
604,0,3,"Torber, Mr. Ernst William",Male,44.0,0,0,364511,8.05,Unknown,S,Mr,Unknown,8.05
605,1,1,"Homer, Mr. Harry (""Mr E Haven"")",Male,35.0,0,0,111426,26.55,Unknown,C,Mr,Unknown,26.55
606,0,3,"Lindell, Mr. Edvard Bengtsson",Male,36.0,1,0,349910,15.55,Unknown,S,Mr,Unknown,15.55
607,0,3,"Karaic, Mr. Milan",Male,30.0,0,0,349246,7.9,Unknown,S,Mr,Unknown,7.8958
608,1,1,"Daniel, Mr. Robert Williams",Male,27.0,0,0,113804,30.5,Unknown,S,Mr,Unknown,30.5
609,1,2,"Laroche, Mrs. Joseph (Juliette Marie Louise Lafargue)",Female,22.0,1,2,SC/Paris 2123,41.58,Unknown,C,Mrs,Unknown,41.5792
610,1,1,"Shutes, Miss. Elizabeth W",Female,40.0,0,0,PC 17582,153.46,C125,S,Miss,C,153.4625
611,0,3,"Andersson, Mrs. Anders Johan (Alfrida Konstantia Brogren)",Female,39.0,1,5,347082,31.28,Unknown,S,Mrs,Unknown,31.275
612,0,3,"Jardin, Mr. Jose Neto",Male,30.0,0,0,SOTON/O.Q. 3101305,7.05,Unknown,S,Mr,Unknown,7.05
613,1,3,"Murphy, Miss. Margaret Jane",Female,21.0,1,0,367230,15.5,Unknown,Q,Miss,Unknown,15.5
614,0,3,"Horgan, Mr. John",Male,30.0,0,0,370377,7.75,Unknown,Q,Mr,Unknown,7.75
615,0,3,"Brocklebank, Mr. William Alfred",Male,35.0,0,0,364512,8.05,Unknown,S,Mr,Unknown,8.05
616,1,2,"Herman, Miss. Alice",Female,24.0,1,2,220845,65.0,Unknown,S,Miss,Unknown,65.0
617,0,3,"Danbom, Mr. Ernst Gilbert",Male,34.0,1,1,347080,14.4,Unknown,S,Mr,Unknown,14.4
618,0,3,"Lobb, Mrs. William Arthur (Cordelia K Stanlick)",Female,26.0,1,0,A/5. 3336,16.1,Unknown,S,Mrs,Unknown,16.1
619,1,2,"Becker, Miss. Marion Louise",Female,4.0,2,1,230136,39.0,F4,S,Miss,F,39.0
620,0,2,"Gavey, Mr. Lawrence",Male,26.0,0,0,31028,10.5,Unknown,S,Mr,Unknown,10.5
621,0,3,"Yasbeck, Mr. Antoni",Male,27.0,1,0,2659,14.45,Unknown,C,Mr,Unknown,14.4542
622,1,1,"Kimball, Mr. Edwin Nelson Jr",Male,42.0,1,0,11753,52.55,D19,S,Mr,D,52.5542
623,1,3,"Nakid, Mr. Sahid",Male,20.0,1,1,2653,15.74,Unknown,C,Mr,Unknown,15.7417
624,0,3,"Hansen, Mr. Henry Damsgaard",Male,21.0,0,0,350029,7.85,Unknown,S,Mr,Unknown,7.8542
625,0,3,"Bowen, Mr. David John ""Dai""",Male,21.0,0,0,54636,16.1,Unknown,S,Mr,Unknown,16.1
626,0,1,"Sutton, Mr. Frederick",Male,61.0,0,0,36963,32.32,D50,S,Mr,D,32.3208
627,0,2,"Kirkland, Rev. Charles Leonard",Male,57.0,0,0,219533,12.35,Unknown,Q,Officer,Unknown,12.35
628,1,1,"Longley, Miss. Gretchen Fiske",Female,21.0,0,0,13502,77.96,D9,S,Miss,D,77.9583
629,0,3,"Bostandyeff, Mr. Guentcho",Male,26.0,0,0,349224,7.9,Unknown,S,Mr,Unknown,7.8958
630,0,3,"O'Connell, Mr. Patrick D",Male,30.0,0,0,334912,7.73,Unknown,Q,Mr,Unknown,7.7333
631,1,1,"Barkworth, Mr. Algernon Henry Wilson",Male,80.0,0,0,27042,30.0,A23,S,Mr,A,30.0
632,0,3,"Lundahl, Mr. Johan Svensson",Male,51.0,0,0,347743,7.05,Unknown,S,Mr,Unknown,7.0542
633,1,1,"Stahelin-Maeglin, Dr. Max",Male,32.0,0,0,13214,30.5,B50,C,Officer,B,30.5
634,0,1,"Parr, Mr. William Henry Marsh",Male,30.0,0,0,112052,0.0,Unknown,S,Mr,Unknown,0.0
635,0,3,"Skoog, Miss. Mabel",Female,9.0,3,2,347088,27.9,Unknown,S,Miss,Unknown,27.9
636,1,2,"Davis, Miss. Mary",Female,28.0,0,0,237668,13.0,Unknown,S,Miss,Unknown,13.0
637,0,3,"Leinonen, Mr. Antti Gustaf",Male,32.0,0,0,STON/O 2. 3101292,7.92,Unknown,S,Mr,Unknown,7.925
638,0,2,"Collyer, Mr. Harvey",Male,31.0,1,1,C.A. 31921,26.25,Unknown,S,Mr,Unknown,26.25
639,0,3,"Panula, Mrs. Juha (Maria Emilia Ojala)",Female,41.0,0,5,3101295,39.69,Unknown,S,Mrs,Unknown,39.6875
640,0,3,"Thorneycroft, Mr. Percival",Male,30.0,1,0,376564,16.1,Unknown,S,Mr,Unknown,16.1
641,0,3,"Jensen, Mr. Hans Peder",Male,20.0,0,0,350050,7.85,Unknown,S,Mr,Unknown,7.8542
642,1,1,"Sagesser, Mlle. Emma",Female,24.0,0,0,PC 17477,69.3,B35,C,Miss,B,69.3
643,0,3,"Skoog, Miss. Margit Elizabeth",Female,2.0,3,2,347088,27.9,Unknown,S,Miss,Unknown,27.9
644,1,3,"Foo, Mr. Choong",Male,30.0,0,0,1601,56.5,Unknown,S,Mr,Unknown,56.4958
645,1,3,"Baclini, Miss. Eugenie",Female,0.8,2,1,2666,19.26,Unknown,C,Miss,Unknown,19.2583
646,1,1,"Harper, Mr. Henry Sleeper",Male,48.0,1,0,PC 17572,76.73,D33,C,Mr,D,76.7292
647,0,3,"Cor, Mr. Liudevit",Male,19.0,0,0,349231,7.9,Unknown,S,Mr,Unknown,7.8958
648,1,1,"Simonius-Blumer, Col. Oberst Alfons",Male,56.0,0,0,13213,35.5,A26,C,Officer,A,35.5
649,0,3,"Willey, Mr. Edward",Male,30.0,0,0,S.O./P.P. 751,7.55,Unknown,S,Mr,Unknown,7.55
650,1,3,"Stanley, Miss. Amy Zillah Elsie",Female,23.0,0,0,CA. 2314,7.55,Unknown,S,Miss,Unknown,7.55
651,0,3,"Mitkoff, Mr. Mito",Male,30.0,0,0,349221,7.9,Unknown,S,Mr,Unknown,7.8958
652,1,2,"Doling, Miss. Elsie",Female,18.0,0,1,231919,23.0,Unknown,S,Miss,Unknown,23.0
653,0,3,"Kalvik, Mr. Johannes Halvorsen",Male,21.0,0,0,8475,8.43,Unknown,S,Mr,Unknown,8.4333
654,1,3,"O'Leary, Miss. Hanora ""Norah""",Female,21.0,0,0,330919,7.83,Unknown,Q,Miss,Unknown,7.8292
655,0,3,"Hegarty, Miss. Hanora ""Nora""",Female,18.0,0,0,365226,6.75,Unknown,Q,Miss,Unknown,6.75
656,0,2,"Hickman, Mr. Leonard Mark",Male,24.0,2,0,S.O.C. 14879,73.5,Unknown,S,Mr,Unknown,73.5
657,0,3,"Radeff, Mr. Alexander",Male,30.0,0,0,349223,7.9,Unknown,S,Mr,Unknown,7.8958
658,0,3,"Bourke, Mrs. John (Catherine)",Female,32.0,1,1,364849,15.5,Unknown,Q,Mrs,Unknown,15.5
659,0,2,"Eitemiller, Mr. George Floyd",Male,23.0,0,0,29751,13.0,Unknown,S,Mr,Unknown,13.0
660,0,1,"Newell, Mr. Arthur Webster",Male,58.0,0,2,35273,113.28,D48,C,Mr,D,113.275
661,1,1,"Frauenthal, Dr. Henry William",Male,50.0,2,0,PC 17611,133.65,Unknown,S,Officer,Unknown,133.65
662,0,3,"Badt, Mr. Mohamed",Male,40.0,0,0,2623,7.22,Unknown,C,Mr,Unknown,7.225
663,0,1,"Colley, Mr. Edward Pomeroy",Male,47.0,0,0,5727,25.59,E58,S,Mr,E,25.5875
664,0,3,"Coleff, Mr. Peju",Male,36.0,0,0,349210,7.5,Unknown,S,Mr,Unknown,7.4958
665,1,3,"Lindqvist, Mr. Eino William",Male,20.0,1,0,STON/O 2. 3101285,7.92,Unknown,S,Mr,Unknown,7.925
666,0,2,"Hickman, Mr. Lewis",Male,32.0,2,0,S.O.C. 14879,73.5,Unknown,S,Mr,Unknown,73.5
667,0,2,"Butler, Mr. Reginald Fenton",Male,25.0,0,0,234686,13.0,Unknown,S,Mr,Unknown,13.0
668,0,3,"Rommetvedt, Mr. Knud Paust",Male,30.0,0,0,312993,7.78,Unknown,S,Mr,Unknown,7.775
669,0,3,"Cook, Mr. Jacob",Male,43.0,0,0,A/5 3536,8.05,Unknown,S,Mr,Unknown,8.05
670,1,1,"Taylor, Mrs. Elmer Zebley (Juliet Cummins Wright)",Female,35.0,1,0,19996,52.0,C126,S,Mrs,C,52.0
671,1,2,"Brown, Mrs. Thomas William Solomon (Elizabeth Catherine Ford)",Female,40.0,1,1,29750,39.0,Unknown,S,Mrs,Unknown,39.0
672,0,1,"Davidson, Mr. Thornton",Male,31.0,1,0,F.C. 12750,52.0,B71,S,Mr,B,52.0
673,0,2,"Mitchell, Mr. Henry Michael",Male,70.0,0,0,C.A. 24580,10.5,Unknown,S,Mr,Unknown,10.5
674,1,2,"Wilhelms, Mr. Charles",Male,31.0,0,0,244270,13.0,Unknown,S,Mr,Unknown,13.0
675,0,2,"Watson, Mr. Ennis Hastings",Male,30.0,0,0,239856,0.0,Unknown,S,Mr,Unknown,0.0
676,0,3,"Edvardsson, Mr. Gustaf Hjalmar",Male,18.0,0,0,349912,7.78,Unknown,S,Mr,Unknown,7.775
677,0,3,"Sawyer, Mr. Frederick Charles",Male,24.5,0,0,342826,8.05,Unknown,S,Mr,Unknown,8.05
678,1,3,"Turja, Miss. Anna Sofia",Female,18.0,0,0,4138,9.84,Unknown,S,Miss,Unknown,9.8417
679,0,3,"Goodwin, Mrs. Frederick (Augusta Tyler)",Female,43.0,1,6,CA 2144,46.9,Unknown,S,Mrs,Unknown,46.9
680,1,1,"Cardeza, Mr. Thomas Drake Martinez",Male,36.0,0,1,PC 17755,249.01,B51 B53 B55,C,Mr,B,512.3292
681,0,3,"Peters, Miss. Katie",Female,21.0,0,0,330935,8.14,Unknown,Q,Miss,Unknown,8.1375
682,1,1,"Hassab, Mr. Hammad",Male,27.0,0,0,PC 17572,76.73,D49,C,Mr,D,76.7292
683,0,3,"Olsvigen, Mr. Thor Anderson",Male,20.0,0,0,6563,9.22,Unknown,S,Mr,Unknown,9.225
684,0,3,"Goodwin, Mr. Charles Edward",Male,14.0,5,2,CA 2144,46.9,Unknown,S,Mr,Unknown,46.9
685,0,2,"Brown, Mr. Thomas William Solomon",Male,60.0,1,1,29750,39.0,Unknown,S,Mr,Unknown,39.0
686,0,2,"Laroche, Mr. Joseph Philippe Lemercier",Male,25.0,1,2,SC/Paris 2123,41.58,Unknown,C,Mr,Unknown,41.5792
687,0,3,"Panula, Mr. Jaako Arnold",Male,14.0,4,1,3101295,39.69,Unknown,S,Mr,Unknown,39.6875
688,0,3,"Dakic, Mr. Branko",Male,19.0,0,0,349228,10.17,Unknown,S,Mr,Unknown,10.1708
689,0,3,"Fischer, Mr. Eberhard Thelander",Male,18.0,0,0,350036,7.8,Unknown,S,Mr,Unknown,7.7958
690,1,1,"Madill, Miss. Georgette Alexandra",Female,15.0,0,1,24160,211.34,B5,S,Miss,B,211.3375
691,1,1,"Dick, Mr. Albert Adrian",Male,31.0,1,0,17474,57.0,B20,S,Mr,B,57.0
692,1,3,"Karun, Miss. Manca",Female,4.0,0,1,349256,13.42,Unknown,C,Miss,Unknown,13.4167
693,1,3,"Lam, Mr. Ali",Male,30.0,0,0,1601,56.5,Unknown,S,Mr,Unknown,56.4958
694,0,3,"Saad, Mr. Khalil",Male,25.0,0,0,2672,7.22,Unknown,C,Mr,Unknown,7.225
695,0,1,"Weir, Col. John",Male,60.0,0,0,113800,26.55,Unknown,S,Officer,Unknown,26.55
696,0,2,"Chapman, Mr. Charles Henry",Male,52.0,0,0,248731,13.5,Unknown,S,Mr,Unknown,13.5
697,0,3,"Kelly, Mr. James",Male,44.0,0,0,363592,8.05,Unknown,S,Mr,Unknown,8.05
698,1,3,"Mullens, Miss. Katherine ""Katie""",Female,21.0,0,0,35852,7.73,Unknown,Q,Miss,Unknown,7.7333
699,0,1,"Thayer, Mr. John Borland",Male,49.0,1,1,17421,110.88,C68,C,Mr,C,110.8833
700,0,3,"Humblen, Mr. Adolf Mathias Nicolai Olsen",Male,42.0,0,0,348121,7.65,F G63,S,Mr,F,7.65
701,1,1,"Astor, Mrs. John Jacob (Madeleine Talmadge Force)",Female,18.0,1,0,PC 17757,227.52,C62 C64,C,Mrs,C,227.525
702,1,1,"Silverthorne, Mr. Spencer Victor",Male,35.0,0,0,PC 17475,26.29,E24,S,Mr,E,26.2875
703,0,3,"Barbara, Miss. Saiide",Female,18.0,0,1,2691,14.45,Unknown,C,Miss,Unknown,14.4542
704,0,3,"Gallagher, Mr. Martin",Male,25.0,0,0,36864,7.74,Unknown,Q,Mr,Unknown,7.7417
705,0,3,"Hansen, Mr. Henrik Juul",Male,26.0,1,0,350025,7.85,Unknown,S,Mr,Unknown,7.8542
706,0,2,"Morley, Mr. Henry Samuel (""Mr Henry Marshall"")",Male,39.0,0,0,250655,26.0,Unknown,S,Mr,Unknown,26.0
707,1,2,"Kelly, Mrs. Florence ""Fannie""",Female,45.0,0,0,223596,13.5,Unknown,S,Mrs,Unknown,13.5
708,1,1,"Calderhead, Mr. Edward Pennington",Male,42.0,0,0,PC 17476,26.29,E24,S,Mr,E,26.2875
709,1,1,"Cleaver, Miss. Alice",Female,22.0,0,0,113781,151.55,Unknown,S,Miss,Unknown,151.55
710,1,3,"Moubarek, Master. Halim Gonios (""William George"")",Male,3.5,1,1,2661,15.25,Unknown,C,Master,Unknown,15.2458
711,1,1,"Mayne, Mlle. Berthe Antonine (""Mrs de Villiers"")",Female,24.0,0,0,PC 17482,49.5,C90,C,Miss,C,49.5042
712,0,1,"Klaber, Mr. Herman",Male,30.0,0,0,113028,26.55,C124,S,Mr,C,26.55
713,1,1,"Taylor, Mr. Elmer Zebley",Male,48.0,1,0,19996,52.0,C126,S,Mr,C,52.0
714,0,3,"Larsson, Mr. August Viktor",Male,29.0,0,0,7545,9.48,Unknown,S,Mr,Unknown,9.4833
715,0,2,"Greenberg, Mr. Samuel",Male,52.0,0,0,250647,13.0,Unknown,S,Mr,Unknown,13.0
716,0,3,"Soholt, Mr. Peter Andreas Lauritz Andersen",Male,19.0,0,0,348124,7.65,F G73,S,Mr,F,7.65
717,1,1,"Endres, Miss. Caroline Louise",Female,38.0,0,0,PC 17757,227.52,C45,C,Miss,C,227.525
718,1,2,"Troutt, Miss. Edwina Celia ""Winnie""",Female,27.0,0,0,34218,10.5,E101,S,Miss,E,10.5
719,0,3,"McEvoy, Mr. Michael",Male,30.0,0,0,36568,15.5,Unknown,Q,Mr,Unknown,15.5
720,0,3,"Johnson, Mr. Malkolm Joackim",Male,33.0,0,0,347062,7.78,Unknown,S,Mr,Unknown,7.775
721,1,2,"Harper, Miss. Annie Jessie ""Nina""",Female,6.0,0,1,248727,33.0,Unknown,S,Miss,Unknown,33.0
722,0,3,"Jensen, Mr. Svend Lauritz",Male,17.0,1,0,350048,7.05,Unknown,S,Mr,Unknown,7.0542
723,0,2,"Gillespie, Mr. William Henry",Male,34.0,0,0,12233,13.0,Unknown,S,Mr,Unknown,13.0
724,0,2,"Hodges, Mr. Henry Price",Male,50.0,0,0,250643,13.0,Unknown,S,Mr,Unknown,13.0
725,1,1,"Chambers, Mr. Norman Campbell",Male,27.0,1,0,113806,53.1,E8,S,Mr,E,53.1
726,0,3,"Oreskovic, Mr. Luka",Male,20.0,0,0,315094,8.66,Unknown,S,Mr,Unknown,8.6625
727,1,2,"Renouf, Mrs. Peter Henry (Lillian Jefferys)",Female,30.0,3,0,31027,21.0,Unknown,S,Mrs,Unknown,21.0
728,1,3,"Mannion, Miss. Margareth",Female,21.0,0,0,36866,7.74,Unknown,Q,Miss,Unknown,7.7375
729,0,2,"Bryhl, Mr. Kurt Arnold Gottfrid",Male,25.0,1,0,236853,26.0,Unknown,S,Mr,Unknown,26.0
730,0,3,"Ilmakangas, Miss. Pieta Sofia",Female,25.0,1,0,STON/O2. 3101271,7.92,Unknown,S,Miss,Unknown,7.925
731,1,1,"Allen, Miss. Elisabeth Walton",Female,29.0,0,0,24160,211.34,B5,S,Miss,B,211.3375
732,0,3,"Hassan, Mr. Houssein G N",Male,11.0,0,0,2699,18.79,Unknown,C,Mr,Unknown,18.7875
733,0,2,"Knight, Mr. Robert J",Male,30.0,0,0,239855,0.0,Unknown,S,Mr,Unknown,0.0
734,0,2,"Berriman, Mr. William John",Male,23.0,0,0,28425,13.0,Unknown,S,Mr,Unknown,13.0
735,0,2,"Troupiansky, Mr. Moses Aaron",Male,23.0,0,0,233639,13.0,Unknown,S,Mr,Unknown,13.0
736,0,3,"Williams, Mr. Leslie",Male,28.5,0,0,54636,16.1,Unknown,S,Mr,Unknown,16.1
737,0,3,"Ford, Mrs. Edward (Margaret Ann Watson)",Female,48.0,1,3,W./C. 6608,34.38,Unknown,S,Mrs,Unknown,34.375
738,1,1,"Lesurer, Mr. Gustave J",Male,35.0,0,0,PC 17755,249.01,B101,C,Mr,B,512.3292
739,0,3,"Ivanoff, Mr. Kanio",Male,30.0,0,0,349201,7.9,Unknown,S,Mr,Unknown,7.8958
740,0,3,"Nankoff, Mr. Minko",Male,30.0,0,0,349218,7.9,Unknown,S,Mr,Unknown,7.8958
741,1,1,"Hawksford, Mr. Walter James",Male,30.0,0,0,16988,30.0,D45,S,Mr,D,30.0
742,0,1,"Cavendish, Mr. Tyrell William",Male,36.0,1,0,19877,78.85,C46,S,Mr,C,78.85
743,1,1,"Ryerson, Miss. Susan Parker ""Suzette""",Female,21.0,2,2,PC 17608,249.01,B57 B59 B63 B66,C,Miss,B,262.375
744,0,3,"McNamee, Mr. Neal",Male,24.0,1,0,376566,16.1,Unknown,S,Mr,Unknown,16.1
745,1,3,"Stranden, Mr. Juho",Male,31.0,0,0,STON/O 2. 3101288,7.92,Unknown,S,Mr,Unknown,7.925
746,0,1,"Crosby, Capt. Edward Gifford",Male,70.0,1,1,WE/P 5735,71.0,B22,S,Officer,B,71.0
747,0,3,"Abbott, Mr. Rossmore Edward",Male,16.0,1,1,C.A. 2673,20.25,Unknown,S,Mr,Unknown,20.25
748,1,2,"Sinkkonen, Miss. Anna",Female,30.0,0,0,250648,13.0,Unknown,S,Miss,Unknown,13.0
749,0,1,"Marvin, Mr. Daniel Warner",Male,19.0,1,0,113773,53.1,D30,S,Mr,D,53.1
750,0,3,"Connaghton, Mr. Michael",Male,31.0,0,0,335097,7.75,Unknown,Q,Mr,Unknown,7.75
751,1,2,"Wells, Miss. Joan",Female,4.0,1,1,29103,23.0,Unknown,S,Miss,Unknown,23.0
752,1,3,"Moor, Master. Meier",Male,6.0,0,1,392096,12.48,E121,S,Master,E,12.475
753,0,3,"Vande Velde, Mr. Johannes Joseph",Male,33.0,0,0,345780,9.5,Unknown,S,Mr,Unknown,9.5
754,0,3,"Jonkoff, Mr. Lalio",Male,23.0,0,0,349204,7.9,Unknown,S,Mr,Unknown,7.8958
755,1,2,"Herman, Mrs. Samuel (Jane Laver)",Female,48.0,1,2,220845,65.0,Unknown,S,Mrs,Unknown,65.0
756,1,2,"Hamalainen, Master. Viljo",Male,0.7,1,1,250649,14.5,Unknown,S,Master,Unknown,14.5
757,0,3,"Carlsson, Mr. August Sigfrid",Male,28.0,0,0,350042,7.8,Unknown,S,Mr,Unknown,7.7958
758,0,2,"Bailey, Mr. Percy Andrew",Male,18.0,0,0,29108,11.5,Unknown,S,Mr,Unknown,11.5
759,0,3,"Theobald, Mr. Thomas Leonard",Male,34.0,0,0,363294,8.05,Unknown,S,Mr,Unknown,8.05
760,1,1,"Rothes, the Countess. of (Lucy Noel Martha Dyer-Edwards)",Female,33.0,0,0,110152,86.5,B77,S,Royalty,B,86.5
761,0,3,"Garfirth, Mr. John",Male,30.0,0,0,358585,14.5,Unknown,S,Mr,Unknown,14.5
762,0,3,"Nirva, Mr. Iisakki Antino Aijo",Male,41.0,0,0,SOTON/O2 3101272,7.12,Unknown,S,Mr,Unknown,7.125
763,1,3,"Barah, Mr. Hanna Assi",Male,20.0,0,0,2663,7.23,Unknown,C,Mr,Unknown,7.2292
764,1,1,"Carter, Mrs. William Ernest (Lucile Polk)",Female,36.0,1,2,113760,120.0,B96 B98,S,Mrs,B,120.0
765,0,3,"Eklund, Mr. Hans Linus",Male,16.0,0,0,347074,7.78,Unknown,S,Mr,Unknown,7.775
766,1,1,"Hogeboom, Mrs. John C (Anna Andrews)",Female,51.0,1,0,13502,77.96,D11,S,Mrs,D,77.9583
767,0,1,"Brewe, Dr. Arthur Jackson",Male,50.0,0,0,112379,39.6,Unknown,C,Officer,Unknown,39.6
768,0,3,"Mangan, Miss. Mary",Female,30.5,0,0,364850,7.75,Unknown,Q,Miss,Unknown,7.75
769,0,3,"Moran, Mr. Daniel J",Male,30.0,1,0,371110,24.15,Unknown,Q,Mr,Unknown,24.15
770,0,3,"Gronnestad, Mr. Daniel Danielsen",Male,32.0,0,0,8471,8.36,Unknown,S,Mr,Unknown,8.3625
771,0,3,"Lievens, Mr. Rene Aime",Male,24.0,0,0,345781,9.5,Unknown,S,Mr,Unknown,9.5
772,0,3,"Jensen, Mr. Niels Peder",Male,48.0,0,0,350047,7.85,Unknown,S,Mr,Unknown,7.8542
773,0,2,"Mack, Mrs. (Mary)",Female,57.0,0,0,S.O./P.P. 3,10.5,E77,S,Mrs,E,10.5
774,0,3,"Elias, Mr. Dibo",Male,30.0,0,0,2674,7.22,Unknown,C,Mr,Unknown,7.225
775,1,2,"Hocking, Mrs. Elizabeth (Eliza Needs)",Female,54.0,1,3,29105,23.0,Unknown,S,Mrs,Unknown,23.0
776,0,3,"Myhrman, Mr. Pehr Fabian Oliver Malkolm",Male,18.0,0,0,347078,7.75,Unknown,S,Mr,Unknown,7.75
777,0,3,"Tobin, Mr. Roger",Male,30.0,0,0,383121,7.75,F38,Q,Mr,F,7.75
778,1,3,"Emanuel, Miss. Virginia Ethel",Female,5.0,0,0,364516,12.48,Unknown,S,Miss,Unknown,12.475
779,0,3,"Kilgannon, Mr. Thomas J",Male,30.0,0,0,36865,7.74,Unknown,Q,Mr,Unknown,7.7375
780,1,1,"Robert, Mrs. Edward Scott (Elisabeth Walton McMillan)",Female,43.0,0,1,24160,211.34,B3,S,Mrs,B,211.3375
781,1,3,"Ayoub, Miss. Banoura",Female,13.0,0,0,2687,7.23,Unknown,C,Miss,Unknown,7.2292
782,1,1,"Dick, Mrs. Albert Adrian (Vera Gillespie)",Female,17.0,1,0,17474,57.0,B20,S,Mrs,B,57.0
783,0,1,"Long, Mr. Milton Clyde",Male,29.0,0,0,113501,30.0,D6,S,Mr,D,30.0
784,0,3,"Johnston, Mr. Andrew G",Male,30.0,1,2,W./C. 6607,23.45,Unknown,S,Mr,Unknown,23.45
785,0,3,"Ali, Mr. William",Male,25.0,0,0,SOTON/O.Q. 3101312,7.05,Unknown,S,Mr,Unknown,7.05
786,0,3,"Harmer, Mr. Abraham (David Lishin)",Male,25.0,0,0,374887,7.25,Unknown,S,Mr,Unknown,7.25
787,1,3,"Sjoblom, Miss. Anna Sofia",Female,18.0,0,0,3101265,7.5,Unknown,S,Miss,Unknown,7.4958
788,0,3,"Rice, Master. George Hugh",Male,8.0,4,1,382652,29.12,Unknown,Q,Master,Unknown,29.125
789,1,3,"Dean, Master. Bertram Vere",Male,1.0,1,2,C.A. 2315,20.58,Unknown,S,Master,Unknown,20.575
790,0,1,"Guggenheim, Mr. Benjamin",Male,46.0,0,0,PC 17593,79.2,B82 B84,C,Mr,B,79.2
791,0,3,"Keane, Mr. Andrew ""Andy""",Male,30.0,0,0,12460,7.75,Unknown,Q,Mr,Unknown,7.75
792,0,2,"Gaskell, Mr. Alfred",Male,16.0,0,0,239865,26.0,Unknown,S,Mr,Unknown,26.0
793,0,3,"Sage, Miss. Stella Anna",Female,21.0,8,2,CA. 2343,69.55,Unknown,S,Miss,Unknown,69.55
794,0,1,"Hoyt, Mr. William Fisher",Male,30.0,0,0,PC 17600,30.7,Unknown,C,Mr,Unknown,30.6958
795,0,3,"Dantcheff, Mr. Ristiu",Male,25.0,0,0,349203,7.9,Unknown,S,Mr,Unknown,7.8958
796,0,2,"Otter, Mr. Richard",Male,39.0,0,0,28213,13.0,Unknown,S,Mr,Unknown,13.0
797,1,1,"Leader, Dr. Alice (Farnham)",Female,49.0,0,0,17465,25.93,D17,S,Officer,D,25.9292
798,1,3,"Osman, Mrs. Mara",Female,31.0,0,0,349244,8.68,Unknown,S,Mrs,Unknown,8.6833
799,0,3,"Ibrahim Shawah, Mr. Yousseff",Male,30.0,0,0,2685,7.23,Unknown,C,Mr,Unknown,7.2292
800,0,3,"Van Impe, Mrs. Jean Baptiste (Rosalie Paula Govaert)",Female,30.0,1,1,345773,24.15,Unknown,S,Mrs,Unknown,24.15
801,0,2,"Ponesell, Mr. Martin",Male,34.0,0,0,250647,13.0,Unknown,S,Mr,Unknown,13.0
802,1,2,"Collyer, Mrs. Harvey (Charlotte Annie Tate)",Female,31.0,1,1,C.A. 31921,26.25,Unknown,S,Mrs,Unknown,26.25
803,1,1,"Carter, Master. William Thornton II",Male,11.0,1,2,113760,120.0,B96 B98,S,Master,B,120.0
804,1,3,"Thomas, Master. Assad Alexander",Male,0.4,0,1,2625,8.52,Unknown,C,Master,Unknown,8.5167
805,1,3,"Hedman, Mr. Oskar Arvid",Male,27.0,0,0,347089,6.98,Unknown,S,Mr,Unknown,6.975
806,0,3,"Johansson, Mr. Karl Johan",Male,31.0,0,0,347063,7.78,Unknown,S,Mr,Unknown,7.775
807,0,1,"Andrews, Mr. Thomas Jr",Male,39.0,0,0,112050,0.0,A36,S,Mr,A,0.0
808,0,3,"Pettersson, Miss. Ellen Natalia",Female,18.0,0,0,347087,7.78,Unknown,S,Miss,Unknown,7.775
809,0,2,"Meyer, Mr. August",Male,39.0,0,0,248723,13.0,Unknown,S,Mr,Unknown,13.0
810,1,1,"Chambers, Mrs. Norman Campbell (Bertha Griggs)",Female,33.0,1,0,113806,53.1,E8,S,Mrs,E,53.1
811,0,3,"Alexander, Mr. William",Male,26.0,0,0,3474,7.89,Unknown,S,Mr,Unknown,7.8875
812,0,3,"Lester, Mr. James",Male,39.0,0,0,A/4 48871,24.15,Unknown,S,Mr,Unknown,24.15
813,0,2,"Slemen, Mr. Richard James",Male,35.0,0,0,28206,10.5,Unknown,S,Mr,Unknown,10.5
814,0,3,"Andersson, Miss. Ebba Iris Alfrida",Female,6.0,4,2,347082,31.28,Unknown,S,Miss,Unknown,31.275
815,0,3,"Tomlin, Mr. Ernest Portage",Male,30.5,0,0,364499,8.05,Unknown,S,Mr,Unknown,8.05
816,0,1,"Fry, Mr. Richard",Male,30.0,0,0,112058,0.0,B102,S,Mr,B,0.0
817,0,3,"Heininen, Miss. Wendla Maria",Female,23.0,0,0,STON/O2. 3101290,7.92,Unknown,S,Miss,Unknown,7.925
818,0,2,"Mallet, Mr. Albert",Male,31.0,1,1,S.C./PARIS 2079,37.0,Unknown,C,Mr,Unknown,37.0042
819,0,3,"Holm, Mr. John Fredrik Alexander",Male,43.0,0,0,C 7075,6.45,Unknown,S,Mr,Unknown,6.45
820,0,3,"Skoog, Master. Karl Thorsten",Male,10.0,3,2,347088,27.9,Unknown,S,Master,Unknown,27.9
821,1,1,"Hays, Mrs. Charles Melville (Clara Jennings Gregg)",Female,52.0,1,1,12749,93.5,B69,S,Mrs,B,93.5
822,1,3,"Lulic, Mr. Nikola",Male,27.0,0,0,315098,8.66,Unknown,S,Mr,Unknown,8.6625
823,0,1,"Reuchlin, Jonkheer. John George",Male,38.0,0,0,19972,0.0,Unknown,S,Royalty,Unknown,0.0
824,1,3,"Moor, Mrs. (Beila)",Female,27.0,0,1,392096,12.48,E121,S,Mrs,E,12.475
825,0,3,"Panula, Master. Urho Abraham",Male,2.0,4,1,3101295,39.69,Unknown,S,Master,Unknown,39.6875
826,0,3,"Flynn, Mr. John",Male,30.0,0,0,368323,6.95,Unknown,Q,Mr,Unknown,6.95
827,0,3,"Lam, Mr. Len",Male,30.0,0,0,1601,56.5,Unknown,S,Mr,Unknown,56.4958
828,1,2,"Mallet, Master. Andre",Male,1.0,0,2,S.C./PARIS 2079,37.0,Unknown,C,Master,Unknown,37.0042
829,1,3,"McCormack, Mr. Thomas Joseph",Male,30.0,0,0,367228,7.75,Unknown,Q,Mr,Unknown,7.75
830,1,1,"Stone, Mrs. George Nelson (Martha Evelyn)",Female,62.0,0,0,113572,80.0,B28,S,Mrs,B,80.0
831,1,3,"Yasbeck, Mrs. Antoni (Selini Alexander)",Female,15.0,1,0,2659,14.45,Unknown,C,Mrs,Unknown,14.4542
832,1,2,"Richards, Master. George Sibley",Male,0.8,1,1,29106,18.75,Unknown,S,Master,Unknown,18.75
833,0,3,"Saad, Mr. Amin",Male,30.0,0,0,2671,7.23,Unknown,C,Mr,Unknown,7.2292
834,0,3,"Augustsson, Mr. Albert",Male,23.0,0,0,347468,7.85,Unknown,S,Mr,Unknown,7.8542
835,0,3,"Allum, Mr. Owen George",Male,18.0,0,0,2223,8.3,Unknown,S,Mr,Unknown,8.3
836,1,1,"Compton, Miss. Sara Rebecca",Female,39.0,1,1,PC 17756,83.16,E49,C,Miss,E,83.1583
837,0,3,"Pasic, Mr. Jakob",Male,21.0,0,0,315097,8.66,Unknown,S,Mr,Unknown,8.6625
838,0,3,"Sirota, Mr. Maurice",Male,30.0,0,0,392092,8.05,Unknown,S,Mr,Unknown,8.05
839,1,3,"Chip, Mr. Chang",Male,32.0,0,0,1601,56.5,Unknown,S,Mr,Unknown,56.4958
840,1,1,"Marechal, Mr. Pierre",Male,30.0,0,0,11774,29.7,C47,C,Mr,C,29.7
841,0,3,"Alhomaki, Mr. Ilmari Rudolf",Male,20.0,0,0,SOTON/O2 3101287,7.92,Unknown,S,Mr,Unknown,7.925
842,0,2,"Mudd, Mr. Thomas Charles",Male,16.0,0,0,S.O./P.P. 3,10.5,Unknown,S,Mr,Unknown,10.5
843,1,1,"Serepeca, Miss. Augusta",Female,30.0,0,0,113798,31.0,Unknown,C,Miss,Unknown,31.0
844,0,3,"Lemberopolous, Mr. Peter L",Male,34.5,0,0,2683,6.44,Unknown,C,Mr,Unknown,6.4375
845,0,3,"Culumovic, Mr. Jeso",Male,17.0,0,0,315090,8.66,Unknown,S,Mr,Unknown,8.6625
846,0,3,"Abbing, Mr. Anthony",Male,42.0,0,0,C.A. 5547,7.55,Unknown,S,Mr,Unknown,7.55
847,0,3,"Sage, Mr. Douglas Bullen",Male,30.0,8,2,CA. 2343,69.55,Unknown,S,Mr,Unknown,69.55
848,0,3,"Markoff, Mr. Marin",Male,35.0,0,0,349213,7.9,Unknown,C,Mr,Unknown,7.8958
849,0,2,"Harper, Rev. John",Male,28.0,0,1,248727,33.0,Unknown,S,Officer,Unknown,33.0
850,1,1,"Goldenberg, Mrs. Samuel L (Edwiga Grabowska)",Female,35.0,1,0,17453,89.1,C92,C,Mrs,C,89.1042
851,0,3,"Andersson, Master. Sigvard Harald Elias",Male,4.0,4,2,347082,31.28,Unknown,S,Master,Unknown,31.275
852,0,3,"Svensson, Mr. Johan",Male,74.0,0,0,347060,7.78,Unknown,S,Mr,Unknown,7.775
853,0,3,"Boulos, Miss. Nourelain",Female,9.0,1,1,2678,15.25,Unknown,C,Miss,Unknown,15.2458
854,1,1,"Lines, Miss. Mary Conover",Female,16.0,0,1,PC 17592,39.4,D28,S,Miss,D,39.4
855,0,2,"Carter, Mrs. Ernest Courtenay (Lilian Hughes)",Female,44.0,1,0,244252,26.0,Unknown,S,Mrs,Unknown,26.0
856,1,3,"Aks, Mrs. Sam (Leah Rosen)",Female,18.0,0,1,392091,9.35,Unknown,S,Mrs,Unknown,9.35
857,1,1,"Wick, Mrs. George Dennick (Mary Hitchcock)",Female,45.0,1,1,36928,164.87,Unknown,S,Mrs,Unknown,164.8667
858,1,1,"Daly, Mr. Peter Denis",Male,51.0,0,0,113055,26.55,E17,S,Mr,E,26.55
859,1,3,"Baclini, Mrs. Solomon (Latifa Qurban)",Female,24.0,0,3,2666,19.26,Unknown,C,Mrs,Unknown,19.2583
860,0,3,"Razi, Mr. Raihed",Male,30.0,0,0,2629,7.23,Unknown,C,Mr,Unknown,7.2292
861,0,3,"Hansen, Mr. Claus Peter",Male,41.0,2,0,350026,14.11,Unknown,S,Mr,Unknown,14.1083
862,0,2,"Giles, Mr. Frederick Edward",Male,21.0,1,0,28134,11.5,Unknown,S,Mr,Unknown,11.5
863,1,1,"Swift, Mrs. Frederick Joel (Margaret Welles Barron)",Female,48.0,0,0,17466,25.93,D17,S,Mrs,D,25.9292
864,0,3,"Sage, Miss. Dorothy Edith ""Dolly""",Female,21.0,8,2,CA. 2343,69.55,Unknown,S,Miss,Unknown,69.55
865,0,2,"Gill, Mr. John William",Male,24.0,0,0,233866,13.0,Unknown,S,Mr,Unknown,13.0
866,1,2,"Bystrom, Mrs. (Karolina)",Female,42.0,0,0,236852,13.0,Unknown,S,Mrs,Unknown,13.0
867,1,2,"Duran y More, Miss. Asuncion",Female,27.0,1,0,SC/PARIS 2149,13.86,Unknown,C,Miss,Unknown,13.8583
868,0,1,"Roebling, Mr. Washington Augustus II",Male,31.0,0,0,PC 17590,50.5,A24,S,Mr,A,50.4958
869,0,3,"van Melkebeke, Mr. Philemon",Male,30.0,0,0,345777,9.5,Unknown,S,Mr,Unknown,9.5
870,1,3,"Johnson, Master. Harold Theodor",Male,4.0,1,1,347742,11.13,Unknown,S,Master,Unknown,11.1333
871,0,3,"Balkic, Mr. Cerin",Male,26.0,0,0,349248,7.9,Unknown,S,Mr,Unknown,7.8958
872,1,1,"Beckwith, Mrs. Richard Leonard (Sallie Monypeny)",Female,47.0,1,1,11751,52.55,D35,S,Mrs,D,52.5542
873,0,1,"Carlsson, Mr. Frans Olof",Male,33.0,0,0,695,5.0,B51 B53 B55,S,Mr,B,5.0
874,0,3,"Vander Cruyssen, Mr. Victor",Male,47.0,0,0,345765,9.0,Unknown,S,Mr,Unknown,9.0
875,1,2,"Abelson, Mrs. Samuel (Hannah Wizosky)",Female,28.0,1,0,P/PP 3381,24.0,Unknown,C,Mrs,Unknown,24.0
876,1,3,"Najib, Miss. Adele Kiamie ""Jane""",Female,15.0,0,0,2667,7.22,Unknown,C,Miss,Unknown,7.225
877,0,3,"Gustafsson, Mr. Alfred Ossian",Male,20.0,0,0,7534,9.85,Unknown,S,Mr,Unknown,9.8458
878,0,3,"Petroff, Mr. Nedelio",Male,19.0,0,0,349212,7.9,Unknown,S,Mr,Unknown,7.8958
879,0,3,"Laleff, Mr. Kristo",Male,30.0,0,0,349217,7.9,Unknown,S,Mr,Unknown,7.8958
880,1,1,"Potter, Mrs. Thomas Jr (Lily Alexenia Wilson)",Female,56.0,0,1,11767,83.16,C50,C,Mrs,C,83.1583
881,1,2,"Shelley, Mrs. William (Imanita Parrish Hall)",Female,25.0,0,1,230433,26.0,Unknown,S,Mrs,Unknown,26.0
882,0,3,"Markun, Mr. Johann",Male,33.0,0,0,349257,7.9,Unknown,S,Mr,Unknown,7.8958
883,0,3,"Dahlberg, Miss. Gerda Ulrika",Female,22.0,0,0,7552,10.52,Unknown,S,Miss,Unknown,10.5167
884,0,2,"Banfield, Mr. Frederick James",Male,28.0,0,0,C.A./SOTON 34068,10.5,Unknown,S,Mr,Unknown,10.5
885,0,3,"Sutehall, Mr. Henry Jr",Male,25.0,0,0,SOTON/OQ 392076,7.05,Unknown,S,Mr,Unknown,7.05
886,0,3,"Rice, Mrs. William (Margaret Norton)",Female,39.0,0,5,382652,29.12,Unknown,Q,Mrs,Unknown,29.125
887,0,2,"Montvila, Rev. Juozas",Male,27.0,0,0,211536,13.0,Unknown,S,Officer,Unknown,13.0
888,1,1,"Graham, Miss. Margaret Edith",Female,19.0,0,0,112053,30.0,B42,S,Miss,B,30.0
889,0,3,"Johnston, Miss. Catherine Helen ""Carrie""",Female,21.0,1,2,W./C. 6607,23.45,Unknown,S,Miss,Unknown,23.45
890,1,1,"Behr, Mr. Karl Howell",Male,26.0,0,0,111369,30.0,C148,C,Mr,C,30.0
891,0,3,"Dooley, Mr. Patrick",Male,32.0,0,0,370376,7.75,Unknown,Q,Mr,Unknown,7.75
